"employeeid","lastname","firstname","middlename","birthdate","gender","acadlvlid","id"
"7C971D1CA7BC11E594AA00FF59FBB323","MESARIO JR.","LEI ASHLEY MESARIO 5YR","","0000-00-00",0,"","7CCEAE13A7BC11E594AA00FF59FBB323"
"7D585AFEA7BC11E594AA00FF59FBB323","DISIERTO","SHANEL 13, KENNETH 10,","","0000-00-00",0,"","7D59757EA7BC11E594AA00FF59FBB323"
"7D585AFEA7BC11E594AA00FF59FBB323","DISIERTO","TRAVISH 6, TIHANIE 4","","0000-00-00",0,"","7D59ACCDA7BC11E594AA00FF59FBB323"
"7D91FBEDA7BC11E594AA00FF59FBB323","LOGATOC","JHON RAYVEN LOGATOC,2Y.O.","","0000-00-00",0,"","7D92C9D1A7BC11E594AA00FF59FBB323"
"7DA199A0A7BC11E594AA00FF59FBB323","BALAGTAS","AZALIA 5YR, AZARIA 5YR,","","0000-00-00",0,"","7DA21B7DA7BC11E594AA00FF59FBB323"
"7DA199A0A7BC11E594AA00FF59FBB323","BALAGTAS","XYLIA 3YR","","0000-00-00",0,"","7DA22F68A7BC11E594AA00FF59FBB323"
"7DBC0E2EA7BC11E594AA00FF59FBB323","BANAAG","ZIAN LEIGH BANAAG 1YR","","0000-00-00",0,"","7DBCEB0CA7BC11E594AA00FF59FBB323"
"7DBC0E2EA7BC11E594AA00FF59FBB323","BANAAG","CARL ANGELO BANAAG 6MS","","0000-00-00",0,"","7DBD058EA7BC11E594AA00FF59FBB323"
"7DD4A9C1A7BC11E594AA00FF59FBB323","CIPRIANO","DYLAN RAIZEN 1YR","","0000-00-00",0,"","7DD57C75A7BC11E594AA00FF59FBB323"
"7DD4A9C1A7BC11E594AA00FF59FBB323","CIPRIANO","DARK RAIVEN 3YR","","0000-00-00",0,"","7DD5ABE0A7BC11E594AA00FF59FBB323"
"7E0C1FABA7BC11E594AA00FF59FBB323","CALUGCUGAN","KURT ANDREI 1","","0000-00-00",0,"","7E0D3376A7BC11E594AA00FF59FBB323"
"7E165C81A7BC11E594AA00FF59FBB323","YONGCA","PRINCESS 9","","0000-00-00",0,"","7E1710D9A7BC11E594AA00FF59FBB323"
"7E2704D4A7BC11E594AA00FF59FBB323","CORPUZ","MATTEO SHILVER 4","","0000-00-00",0,"","7E277B93A7BC11E594AA00FF59FBB323"
"7E85C664A7BC11E594AA00FF59FBB323","HALILI","VENICE ALLIYAH 6","","0000-00-00",0,"","7E8651F8A7BC11E594AA00FF59FBB323"
"7E85C664A7BC11E594AA00FF59FBB323","HALILI","LOWELLA KLYDE 5","","0000-00-00",0,"","7E86635FA7BC11E594AA00FF59FBB323"
"7E9B797BA7BC11E594AA00FF59FBB323","LIM","LIAM HENDRIX 6MOS","","0000-00-00",0,"","7E9BC4A4A7BC11E594AA00FF59FBB323"
"7EAB8E8EA7BC11E594AA00FF59FBB323","CHU","LUIS ANTONIO,ANNA MARIE","","0000-00-00",0,"","7EAC1D22A7BC11E594AA00FF59FBB323"
"7EAB8E8EA7BC11E594AA00FF59FBB323","CHU","ELEANE GRACE","","0000-00-00",0,"","7EAC3CEFA7BC11E594AA00FF59FBB323"
"7EBA3EBEA7BC11E594AA00FF59FBB323","ALBA","HEART DELIN 9, JHENELLE","","0000-00-00",0,"","7EBA90A4A7BC11E594AA00FF59FBB323"
"7EBA3EBEA7BC11E594AA00FF59FBB323","ALBA","ROSE 7, ROJE FRANCIS 1MOS","","0000-00-00",0,"","7EBA9EFEA7BC11E594AA00FF59FBB323"
"7ECC3063A7BC11E594AA00FF59FBB323","BI","YESHA GRACE 7, MARK","","0000-00-00",0,"","7ECC94ECA7BC11E594AA00FF59FBB323"
"7ECC3063A7BC11E594AA00FF59FBB323","BI","JOSEPH 5, GIAN PHOENIX 3","","0000-00-00",0,"","7ECCA403A7BC11E594AA00FF59FBB323"
"7ED69622A7BC11E594AA00FF59FBB323","ENDENCIA","CARISSA JANE 9","","0000-00-00",0,"","7ED6E200A7BC11E594AA00FF59FBB323"
"7EDC2407A7BC11E594AA00FF59FBB323","MADRIGALEJOS","JHERICK MADRIGALEJOS 17","","0000-00-00",0,"","7EDC8563A7BC11E594AA00FF59FBB323"
"7EDC2407A7BC11E594AA00FF59FBB323","MADRIGALEJOS","JHON PATRICK 14","","0000-00-00",0,"","7EDC94BCA7BC11E594AA00FF59FBB323"
"7EDE4BAEA7BC11E594AA00FF59FBB323","MALICAY","JONALYN 3","","0000-00-00",0,"","7EDEBDB7A7BC11E594AA00FF59FBB323"
"7EE06198A7BC11E594AA00FF59FBB323","MENDOVA","N\A","","0000-00-00",0,"","7EE0B50CA7BC11E594AA00FF59FBB323"
"7EE77CBAA7BC11E594AA00FF59FBB323","MONTANO","CHRISTIAN JAMES VICENTE 9","","0000-00-00",0,"","7EE7C10EA7BC11E594AA00FF59FBB323"
"7EE77CBAA7BC11E594AA00FF59FBB323","MONTANO","CHRISTEL JOY VICENTE 8Y.O","","0000-00-00",0,"","7EE7CC0BA7BC11E594AA00FF59FBB323"
"7EF63AD9A7BC11E594AA00FF59FBB323","SAGADAL","AARON JR 20","","0000-00-00",0,"","7EF6A6F7A7BC11E594AA00FF59FBB323"
"7EF85EF5A7BC11E594AA00FF59FBB323","SANCHEZ","LYKA ALEXA 3YRS","","0000-00-00",0,"","7EF8AA89A7BC11E594AA00FF59FBB323"
"7F0FB72DA7BC11E594AA00FF59FBB323","MERCADO","JOSE CARLO 22","","0000-00-00",0,"","7F14067AA7BC11E594AA00FF59FBB323"
"7F0FB72DA7BC11E594AA00FF59FBB323","MERCADO","JUAN PAOLO 20","","0000-00-00",0,"","7F143979A7BC11E594AA00FF59FBB323"
"7F1D4772A7BC11E594AA00FF59FBB323","NAVEA","VINCE ALLEN 14","","0000-00-00",0,"","7F1DB434A7BC11E594AA00FF59FBB323"
"7F1D4772A7BC11E594AA00FF59FBB323","NAVEA","PHER DENMARK 10","","0000-00-00",0,"","7F1DC7EEA7BC11E594AA00FF59FBB323"
"7F24F0FBA7BC11E594AA00FF59FBB323","COMPETENTE","HANZ ARGIE LOVE 1YR OLD","","0000-00-00",0,"","7F25630CA7BC11E594AA00FF59FBB323"
"7F2D11CFA7BC11E594AA00FF59FBB323","MANCIA","KARENILLA NICHOLE 8","","0000-00-00",0,"","7F2D8365A7BC11E594AA00FF59FBB323"
"7F2D11CFA7BC11E594AA00FF59FBB323","MANCIA","KIM CAMILLE 6","","0000-00-00",0,"","7F2D976CA7BC11E594AA00FF59FBB323"
"7F2FAE13A7BC11E594AA00FF59FBB323","GAMBOA","JAN DANIEL 2","","0000-00-00",0,"","7F3009E2A7BC11E594AA00FF59FBB323"
"7F2FAE13A7BC11E594AA00FF59FBB323","GAMBOA","JHON LORIENCE 4","","0000-00-00",0,"","7F3019CBA7BC11E594AA00FF59FBB323"
"7F366371A7BC11E594AA00FF59FBB323","BATALLER","JHON REY 4","","0000-00-00",0,"","7F36B577A7BC11E594AA00FF59FBB323"
"7F366371A7BC11E594AA00FF59FBB323","BATALLER","JHON CHARLEZ 5MOS","","0000-00-00",0,"","7F36C4B8A7BC11E594AA00FF59FBB323"
"7F3D81ECA7BC11E594AA00FF59FBB323","HUFANA","JESSLINE 5","","0000-00-00",0,"","7F3DD7CCA7BC11E594AA00FF59FBB323"
"7F464AC4A7BC11E594AA00FF59FBB323","CORONEL","CELERINA LOUIES 2","","0000-00-00",0,"","7F469DEEA7BC11E594AA00FF59FBB323"
"7F464AC4A7BC11E594AA00FF59FBB323","CORONEL","KESEAN JAMES 4","","0000-00-00",0,"","7F46AB5EA7BC11E594AA00FF59FBB323"
"8FF3A833A7BC11E594AA00FF59FBB323","BERCES","PATRICE ANGELICA 11Y/O","","0000-00-00",0,"","8FF50E8DA7BC11E594AA00FF59FBB323"
"8FF3A833A7BC11E594AA00FF59FBB323","BERCES","PATRIC ANGELO 3Y/0","","0000-00-00",0,"","8FF51FB9A7BC11E594AA00FF59FBB323"
"8FF9AF4DA7BC11E594AA00FF59FBB323","BODOLLO","KRISVEIL CLAIRE/2","","0000-00-00",0,"","8FF9FDEDA7BC11E594AA00FF59FBB323"
"8FFC75D6A7BC11E594AA00FF59FBB323","FANGO","CYRILLE KING 5","","0000-00-00",0,"","8FFCC095A7BC11E594AA00FF59FBB323"
"8FFC75D6A7BC11E594AA00FF59FBB323","FANGO","N / A","","0000-00-00",0,"","8FFCCD7AA7BC11E594AA00FF59FBB323"
"8FFF78EAA7BC11E594AA00FF59FBB323","SOLVER","DANA CZYRELLE 13,BREANNA","","0000-00-00",0,"","8FFFEA57A7BC11E594AA00FF59FBB323"
"8FFF78EAA7BC11E594AA00FF59FBB323","SOLVER","11,LIANNA PRECIOUS 4","","0000-00-00",0,"","8FFFFD78A7BC11E594AA00FF59FBB323"
"90087BAAA7BC11E594AA00FF59FBB323","PEREZ","PAOLO 12, BENEDICT 9","","0000-00-00",0,"","9008CEBFA7BC11E594AA00FF59FBB323"
"90087BAAA7BC11E594AA00FF59FBB323","PEREZ","N / A","","0000-00-00",0,"","9008DE08A7BC11E594AA00FF59FBB323"
"900BB0A9A7BC11E594AA00FF59FBB323","RAMOS","WENDEL 10, RANIEL 8,","","0000-00-00",0,"","900C04E6A7BC11E594AA00FF59FBB323"
"900BB0A9A7BC11E594AA00FF59FBB323","RAMOS","NICO JACOB 1,","","0000-00-00",0,"","900C140EA7BC11E594AA00FF59FBB323"
"900FE02DA7BC11E594AA00FF59FBB323","VALERA","JUSTIN 10, JOHNWIN 8","","0000-00-00",0,"","901035DCA7BC11E594AA00FF59FBB323"
"900FE02DA7BC11E594AA00FF59FBB323","VALERA","JEREMY 4","","0000-00-00",0,"","90104549A7BC11E594AA00FF59FBB323"
"9012318AA7BC11E594AA00FF59FBB323","RAZO","JARED LIEVIN","","0000-00-00",0,"","9012A059A7BC11E594AA00FF59FBB323"
"9026CF89A7BC11E594AA00FF59FBB323","AGUBA","LOURRAINE 20","","0000-00-00",0,"","90272456A7BC11E594AA00FF59FBB323"
"903C857EA7BC11E594AA00FF59FBB323","DELA CRUZ","KHACY 12, KATHLYN 7","","0000-00-00",0,"","903D39D6A7BC11E594AA00FF59FBB323"
"903C857EA7BC11E594AA00FF59FBB323","DELA CRUZ","KHOLYN 5","","0000-00-00",0,"","903D5C4DA7BC11E594AA00FF59FBB323"
"9043F990A7BC11E594AA00FF59FBB323","JAQUIAS","FRANKLIN 6","","0000-00-00",0,"","9044735CA7BC11E594AA00FF59FBB323"
"90498BB1A7BC11E594AA00FF59FBB323","VELILLA","FRANCIS NHIEL 7MOS","","0000-00-00",0,"","904A07A7A7BC11E594AA00FF59FBB323"
"90569AEBA7BC11E594AA00FF59FBB323","GONZALES","ANGELA MAE GONZALES 6","","0000-00-00",0,"","9056F2FDA7BC11E594AA00FF59FBB323"
"90569AEBA7BC11E594AA00FF59FBB323","GONZALES","AVEN JANE GONZALES  4","","0000-00-00",0,"","90570069A7BC11E594AA00FF59FBB323"
"90595BCCA7BC11E594AA00FF59FBB323","MANGUERRA","CAILEB MACREIN, 3Y.O.","","0000-00-00",0,"","9059C97CA7BC11E594AA00FF59FBB323"
"90595BCCA7BC11E594AA00FF59FBB323","MANGUERRA","APPLE VENICE, 3Y.O.","","0000-00-00",0,"","9059D85EA7BC11E594AA00FF59FBB323"
"9064EDDBA7BC11E594AA00FF59FBB323","CABAHUG","SEAN LIL WAYNE 1","","0000-00-00",0,"","90660E28A7BC11E594AA00FF59FBB323"
"906E156CA7BC11E594AA00FF59FBB323","IBARRIENTOS","NATHANILLE 1MOS","","0000-00-00",0,"","906EAA2DA7BC11E594AA00FF59FBB323"
"90733702A7BC11E594AA00FF59FBB323","EVALORA","JOHN PRINCE 6MOS","","0000-00-00",0,"","90739DB4A7BC11E594AA00FF59FBB323"
"907DAE3CA7BC11E594AA00FF59FBB323","VILLANUEVA","MARK ANGELO 7","","0000-00-00",0,"","907E261BA7BC11E594AA00FF59FBB323"
"908001B6A7BC11E594AA00FF59FBB323","SARMIENTO JR","IRISH NICOLE 8,NIKKY","","0000-00-00",0,"","908057FDA7BC11E594AA00FF59FBB323"
"908001B6A7BC11E594AA00FF59FBB323","SARMIENTO JR","APPLE 3,UNICO CIELO 2","","0000-00-00",0,"","9080665BA7BC11E594AA00FF59FBB323"
"9085F49EA7BC11E594AA00FF59FBB323","ESTREMADURA","HANA PRINCESS 6","","0000-00-00",0,"","90863FCCA7BC11E594AA00FF59FBB323"
"908C6266A7BC11E594AA00FF59FBB323","RIZO","CLARK DANIEL 3YRS","","0000-00-00",0,"","908CB1B7A7BC11E594AA00FF59FBB323"
"909C1FA9A7BC11E594AA00FF59FBB323","INTIA","PRINCESS LHEA ANTHONETH","","0000-00-00",0,"","909C7476A7BC11E594AA00FF59FBB323"
"90A6CEF3A7BC11E594AA00FF59FBB323","ACAYLAR JR.","ALIYAH 2","","0000-00-00",0,"","90A7206AA7BC11E594AA00FF59FBB323"
"90CD786CA7BC11E594AA00FF59FBB323","CATAGCATAG","KAYEZA ONG CATAGCATAG,10Y","","0000-00-00",0,"","90CDCE1FA7BC11E594AA00FF59FBB323"
"90CD786CA7BC11E594AA00FF59FBB323","CATAGCATAG","ZYKE HUNTER CATAGCATAG 1Y","","0000-00-00",0,"","90CDDBFAA7BC11E594AA00FF59FBB323"
"90D8D1DCA7BC11E594AA00FF59FBB323","ORTEGA","SCOTT ALVEY 9","","0000-00-00",0,"","90D91829A7BC11E594AA00FF59FBB323"
"95D1DDD1A7BC11E594AA00FF59FBB323","ENRIQUEZ","MARWIN ENRIQUEZ, 4","","0000-00-00",0,"","95D22D05A7BC11E594AA00FF59FBB323"
"95D3CFA6A7BC11E594AA00FF59FBB323","GOMEZ","ADDRIAN JACOB M. GOMEZ","","0000-00-00",0,"","95D41B70A7BC11E594AA00FF59FBB323"
"95D8DCB1A7BC11E594AA00FF59FBB323","AGUEDAN","FRANCO 8","","0000-00-00",0,"","95D94173A7BC11E594AA00FF59FBB323"
"95DD6AA6A7BC11E594AA00FF59FBB323","JIMENEZ","ELIEA 3","","0000-00-00",0,"","95DDDB9CA7BC11E594AA00FF59FBB323"
"95DF7BE5A7BC11E594AA00FF59FBB323","BAUTISTA","MARKY LEONARD/ 2Y.O.","","0000-00-00",0,"","95DFC17EA7BC11E594AA00FF59FBB323"
"95E14B9EA7BC11E594AA00FF59FBB323","TACO-TACO","JIN ARREL 3","","0000-00-00",0,"","95E18DFAA7BC11E594AA00FF59FBB323"
"95E951ECA7BC11E594AA00FF59FBB323","ABASULA","YEOUSEFF AMCER  4MOS.","","0000-00-00",0,"","95E9A7ACA7BC11E594AA00FF59FBB323"
"95FA3D89A7BC11E594AA00FF59FBB323","DE BELEN","ROD CRISNEL 5","","0000-00-00",0,"","95FA8D76A7BC11E594AA00FF59FBB323"
"95FA3D89A7BC11E594AA00FF59FBB323","DE BELEN","RAM CRISTAL 2","","0000-00-00",0,"","95FA9AB1A7BC11E594AA00FF59FBB323"
"95FC8903A7BC11E594AA00FF59FBB323","MEDOLLAR","GIAN 6","","0000-00-00",0,"","95FCD1F2A7BC11E594AA00FF59FBB323"
"95FC8903A7BC11E594AA00FF59FBB323","MEDOLLAR","JHON JHARIEL 10MOS","","0000-00-00",0,"","95FCDCD9A7BC11E594AA00FF59FBB323"
"96078BB4A7BC11E594AA00FF59FBB323","REPUYA","JAMES/9","","0000-00-00",0,"","960952D1A7BC11E594AA00FF59FBB323"
"96078BB4A7BC11E594AA00FF59FBB323","REPUYA","KRISTINE GRACE/3","","0000-00-00",0,"","960990CCA7BC11E594AA00FF59FBB323"
"9611A9C4A7BC11E594AA00FF59FBB323","FRAGATA","JUSTINE MARK,8Y.O.","","0000-00-00",0,"","961249B3A7BC11E594AA00FF59FBB323"
"9611A9C4A7BC11E594AA00FF59FBB323","FRAGATA","RENOA JANE,6 Y.O.","","0000-00-00",0,"","9612665BA7BC11E594AA00FF59FBB323"
"961896E0A7BC11E594AA00FF59FBB323","CUNANAN","ADY EUNICE 1","","0000-00-00",0,"","96194C70A7BC11E594AA00FF59FBB323"
"962A4B09A7BC11E594AA00FF59FBB323","LAMPOS","PRINCESS THEAMAY 3MOS","","0000-00-00",0,"","962AC772A7BC11E594AA00FF59FBB323"
"96314B05A7BC11E594AA00FF59FBB323","ABE","OLIVE MISH 3","","0000-00-00",0,"","9631C091A7BC11E594AA00FF59FBB323"
"9633DADBA7BC11E594AA00FF59FBB323","DE GUZMAN","BRIANNA LOUISE 1","","0000-00-00",0,"","96343EE4A7BC11E594AA00FF59FBB323"
"9637AA6EA7BC11E594AA00FF59FBB323","GAPASANGRA","PRINCE DWYANE 5MOS","","0000-00-00",0,"","9638173CA7BC11E594AA00FF59FBB323"
"9639D855A7BC11E594AA00FF59FBB323","LAMPOS","DUSTINE JOSUA 5","","0000-00-00",0,"","963A3C7BA7BC11E594AA00FF59FBB323"
"9639D855A7BC11E594AA00FF59FBB323","LAMPOS","JUSTINE KIAN 3","","0000-00-00",0,"","963A4E89A7BC11E594AA00FF59FBB323"
"963BF78CA7BC11E594AA00FF59FBB323","MENDOZA","HERSEY KYLE 1","","0000-00-00",0,"","963C96C6A7BC11E594AA00FF59FBB323"
"963E68ADA7BC11E594AA00FF59FBB323","REPUYA","DWAYNE REIVEN 2","","0000-00-00",0,"","963ED2D7A7BC11E594AA00FF59FBB323"
"963E68ADA7BC11E594AA00FF59FBB323","REPUYA","KEN CLARENZ 1","","0000-00-00",0,"","963EE5A2A7BC11E594AA00FF59FBB323"
"9646D619A7BC11E594AA00FF59FBB323","TUBIANO","MARIA RACHEL 1MOS","","0000-00-00",0,"","96473EEDA7BC11E594AA00FF59FBB323"
"96491FC2A7BC11E594AA00FF59FBB323","BUBAN","CLINT FRANCIS 3","","0000-00-00",0,"","96498D08A7BC11E594AA00FF59FBB323"
"964D2F82A7BC11E594AA00FF59FBB323","MAMON","KARL LAWRENCE SVEN 7","","0000-00-00",0,"","964D9C76A7BC11E594AA00FF59FBB323"
"964D2F82A7BC11E594AA00FF59FBB323","MAMON","CLAIRE MILLICENT 5","","0000-00-00",0,"","964DB2F9A7BC11E594AA00FF59FBB323"
"9654742DA7BC11E594AA00FF59FBB323","ENCANTO","MICHAEL ANGELO 10","","0000-00-00",0,"","9654EC14A7BC11E594AA00FF59FBB323"
"9654742DA7BC11E594AA00FF59FBB323","ENCANTO","MICHELLE ANGELA 8","","0000-00-00",0,"","965501E7A7BC11E594AA00FF59FBB323"
"966A169EA7BC11E594AA00FF59FBB323","NARIO","JAMAICA SHEENE 3MOS","","0000-00-00",0,"","966A8E54A7BC11E594AA00FF59FBB323"
"966C90E3A7BC11E594AA00FF59FBB323","PACIONES","AKYXIA LOUISE PACIONES","","0000-00-00",0,"","966CF485A7BC11E594AA00FF59FBB323"
"9670C363A7BC11E594AA00FF59FBB323","PUYAT","SIDNEY SEBASTIAN 3","","0000-00-00",0,"","9671227FA7BC11E594AA00FF59FBB323"
"9670C363A7BC11E594AA00FF59FBB323","PUYAT","HERSHEY JOY 2","","0000-00-00",0,"","96713356A7BC11E594AA00FF59FBB323"
"96963B73A7BC11E594AA00FF59FBB323","VILLALOBOS","ELCA ERIN 7","","0000-00-00",0,"","9697865CA7BC11E594AA00FF59FBB323"
"96A876B4A7BC11E594AA00FF59FBB323","DAQUI","MARCUS ALDRAKE 2","","0000-00-00",0,"","96A90BAAA7BC11E594AA00FF59FBB323"
"9D85BA33A7BC11E594AA00FF59FBB323","SANCHEZ","LOUISE LYCA SANCHEZ / 7","","0000-00-00",0,"","9D8611CAA7BC11E594AA00FF59FBB323"
"9D87B470A7BC11E594AA00FF59FBB323","DICTAAN","COURTNEY LEE/18","","0000-00-00",0,"","9D8804A2A7BC11E594AA00FF59FBB323"
"9D87B470A7BC11E594AA00FF59FBB323","DICTAAN","VOUZAKK/16","","0000-00-00",0,"","9D881336A7BC11E594AA00FF59FBB323"
"9D8BD6B5A7BC11E594AA00FF59FBB323","HERMOCILLA","SHEENA KRYZTEL 8, HAROLD","","0000-00-00",0,"","9D8C2287A7BC11E594AA00FF59FBB323"
"9D8BD6B5A7BC11E594AA00FF59FBB323","HERMOCILLA","7, SOPHIA 3,","","0000-00-00",0,"","9D8C3035A7BC11E594AA00FF59FBB323"
"9D8E0B86A7BC11E594AA00FF59FBB323","RUIZ","RYDEN 12","","0000-00-00",0,"","9D8E56B4A7BC11E594AA00FF59FBB323"
"9D8E0B86A7BC11E594AA00FF59FBB323","RUIZ","RHEYN 8","","0000-00-00",0,"","9D8E63D2A7BC11E594AA00FF59FBB323"
"9DC0645BA7BC11E594AA00FF59FBB323","LELIS","MEGAN CAITLYN 1","","0000-00-00",0,"","9DC18425A7BC11E594AA00FF59FBB323"
"9DC4DDD1A7BC11E594AA00FF59FBB323","NICOLAS","/#P","","0000-00-00",0,"","9DC5AC2CA7BC11E594AA00FF59FBB323"
"9DFF5670A7BC11E594AA00FF59FBB323","TOMBOC","STEPHEN HARRIEZ MACASPAC","","0000-00-00",0,"","9DFFB448A7BC11E594AA00FF59FBB323"
"9DFF5670A7BC11E594AA00FF59FBB323","TOMBOC","4 YR. 3MOS.","","0000-00-00",0,"","9DFFC914A7BC11E594AA00FF59FBB323"
"9E126504A7BC11E594AA00FF59FBB323","VITO","TROY MIGUEL 11MOS","","0000-00-00",0,"","9E133B1EA7BC11E594AA00FF59FBB323"
"9E168A97A7BC11E594AA00FF59FBB323","BONDOC","JEANNE 21, JULIEN 19","","0000-00-00",0,"","9E1726C0A7BC11E594AA00FF59FBB323"
"9E168A97A7BC11E594AA00FF59FBB323","BONDOC","JUSTINE 18, JEIAN 16","","0000-00-00",0,"","9E173D40A7BC11E594AA00FF59FBB323"
"9E1E692CA7BC11E594AA00FF59FBB323","LAMPOS","DHELAN JACOB I,LAMPOS","","0000-00-00",0,"","9E1ED189A7BC11E594AA00FF59FBB323"
"9E1E692CA7BC11E594AA00FF59FBB323","LAMPOS","1 YEARS OLD AND 3 MONTHS","","0000-00-00",0,"","9E1EE0BDA7BC11E594AA00FF59FBB323"
"9E29EF2CA7BC11E594AA00FF59FBB323","BACTAT","JASPHER YESHUA 5","","0000-00-00",0,"","9E2A386DA7BC11E594AA00FF59FBB323"
"9E38E335A7BC11E594AA00FF59FBB323","TUIBUEN","GISELLE 13, MARK ERICK 10","","0000-00-00",0,"","9E3A0C0FA7BC11E594AA00FF59FBB323"
"9E38E335A7BC11E594AA00FF59FBB323","TUIBUEN","KRISTINA MARIE 8","","0000-00-00",0,"","9E3A40DDA7BC11E594AA00FF59FBB323"
"9E45C629A7BC11E594AA00FF59FBB323","VALLAR","ALEXANDER VALLAR,2 Y/O","","0000-00-00",0,"","9E46D534A7BC11E594AA00FF59FBB323"
"9E4EC3F0A7BC11E594AA00FF59FBB323","GAMBOA","KYLE TIMOTHY GAMBOA-1 Y/O","","0000-00-00",0,"","9E4F75F1A7BC11E594AA00FF59FBB323"
"9E5238EFA7BC11E594AA00FF59FBB323","ADOLFO","SHANE CARL BANIQUED 8MO","","0000-00-00",0,"","9E52CD87A7BC11E594AA00FF59FBB323"
"9E602C68A7BC11E594AA00FF59FBB323","CARREON","JAIDEN GABRIEL 1","","0000-00-00",0,"","9E60B090A7BC11E594AA00FF59FBB323"
"9E631E74A7BC11E594AA00FF59FBB323","ESPIRITU","JOHN HAROLD 13, CHRISTIAN","","0000-00-00",0,"","9E639569A7BC11E594AA00FF59FBB323"
"9E631E74A7BC11E594AA00FF59FBB323","ESPIRITU","8, JUSTINE 5, LUKE 1","","0000-00-00",0,"","9E63AAB5A7BC11E594AA00FF59FBB323"
"9E6A0FBAA7BC11E594AA00FF59FBB323","MARTINEZ","FIRST 8MOS","","0000-00-00",0,"","9E6A6D24A7BC11E594AA00FF59FBB323"
"9EA03C9BA7BC11E594AA00FF59FBB323","PADERES","KHURT MICHAEL JAMES 7,","","0000-00-00",0,"","9EA0EFF1A7BC11E594AA00FF59FBB323"
"9EA03C9BA7BC11E594AA00FF59FBB323","PADERES","MIKAH ELLA 6,","","0000-00-00",0,"","9EA10EDCA7BC11E594AA00FF59FBB323"
"9EAE9F90A7BC11E594AA00FF59FBB323","FAJILAN","LEI JOHN 3","","0000-00-00",0,"","9EAFB7DDA7BC11E594AA00FF59FBB323"
"9EB77C46A7BC11E594AA00FF59FBB323","SIMBULAN","ERICKA MAE SIMBULAN","","0000-00-00",0,"","9EB80906A7BC11E594AA00FF59FBB323"
"9EBA82B4A7BC11E594AA00FF59FBB323","RAMA","GRAINIEL JADEN RAMA/4Y.O.","","0000-00-00",0,"","9EBAD376A7BC11E594AA00FF59FBB323"
"9EBA82B4A7BC11E594AA00FF59FBB323","RAMA","CASSANDRA LITHYLIA LAR/6M","","0000-00-00",0,"","9EBAE0EEA7BC11E594AA00FF59FBB323"
"9EC20146A7BC11E594AA00FF59FBB323","DOTADO","CASSAUNDRA DOTADO 1YR","","0000-00-00",0,"","9EC25008A7BC11E594AA00FF59FBB323"
"9EC5D56BA7BC11E594AA00FF59FBB323","CALIMAG","ALTHEA 11MOS","","0000-00-00",0,"","9EC620BDA7BC11E594AA00FF59FBB323"
"9ECCFB2EA7BC11E594AA00FF59FBB323","BANTON","SANNIEL 2","","0000-00-00",0,"","9ECD4C4BA7BC11E594AA00FF59FBB323"
"9ECCFB2EA7BC11E594AA00FF59FBB323","BANTON","DEINIEL 1MOS","","0000-00-00",0,"","9ECD5B76A7BC11E594AA00FF59FBB323"
"9EE7CB38A7BC11E594AA00FF59FBB323","ISIDRO","KILLUA KHIM 2","","0000-00-00",0,"","9EE835F1A7BC11E594AA00FF59FBB323"
"9EFA8D6FA7BC11E594AA00FF59FBB323","CASTILLO","EURIE DAVE 12,ALDRIN JADE","","0000-00-00",0,"","9EFB484EA7BC11E594AA00FF59FBB323"
"9EFA8D6FA7BC11E594AA00FF59FBB323","CASTILLO","10, SHEINA 8,ALIYAH 10MOS","","0000-00-00",0,"","9EFB604CA7BC11E594AA00FF59FBB323"
"9FD62C2DA7BC11E594AA00FF59FBB323","ESPERA","SAMANTHA 2","","0000-00-00",0,"","9FD6E58FA7BC11E594AA00FF59FBB323"
"A00294A7A7BC11E594AA00FF59FBB323","AGLUGUB","CLOUDE ZAION 1MOS","","0000-00-00",0,"","A0039B27A7BC11E594AA00FF59FBB323"
"A031C9CEA7BC11E594AA00FF59FBB323","CALAMIGAN","PRICIOUS IARISH 5","","0000-00-00",0,"","A032DE6BA7BC11E594AA00FF59FBB323"
"A044A5DFA7BC11E594AA00FF59FBB323","GAPUZ","ELLAINE 3","","0000-00-00",0,"","A045AFD1A7BC11E594AA00FF59FBB323"
"A044A5DFA7BC11E594AA00FF59FBB323","GAPUZ","YVONNE 1","","0000-00-00",0,"","A045E530A7BC11E594AA00FF59FBB323"
"A05A681DA7BC11E594AA00FF59FBB323","BANTON","AIRIELLE 2","","0000-00-00",0,"","A05BA2D8A7BC11E594AA00FF59FBB323"
"A085EDB9A7BC11E594AA00FF59FBB323","QUILAO","VESSIEMAE GABRIELLE 9","","0000-00-00",0,"","A087823DA7BC11E594AA00FF59FBB323"
"A085EDB9A7BC11E594AA00FF59FBB323","QUILAO","EURIEL NEO 6 DANIEL 3YR","","0000-00-00",0,"","A087C87AA7BC11E594AA00FF59FBB323"
"A6AE6005A7BC11E594AA00FF59FBB323","ANTIGA","KYLE CYRUS ANTIGA 3YRS.","","0000-00-00",0,"","A6B15893A7BC11E594AA00FF59FBB323"
"A6AE6005A7BC11E594AA00FF59FBB323","ANTIGA","FRANCHESKA ANTIGA","","0000-00-00",0,"","A6B17728A7BC11E594AA00FF59FBB323"
"A6C1785DA7BC11E594AA00FF59FBB323","CABRESOS","HASHEREENE NICOLE 10","","0000-00-00",0,"","A6C20232A7BC11E594AA00FF59FBB323"
"A6C1785DA7BC11E594AA00FF59FBB323","CABRESOS","PRINCESS ZYRAH 3 MNTHS","","0000-00-00",0,"","A6C21E88A7BC11E594AA00FF59FBB323"
"A6D8F2B5A7BC11E594AA00FF59FBB323","CRUZ","AKEISHA EUNICQA 3","","0000-00-00",0,"","A6DAA83EA7BC11E594AA00FF59FBB323"
"A6EA2A9FA7BC11E594AA00FF59FBB323","DELGADO","JENNY 21, JEMMALYN 18","","0000-00-00",0,"","A6EB451AA7BC11E594AA00FF59FBB323"
"A6EA2A9FA7BC11E594AA00FF59FBB323","DELGADO","JIMBERLY 13","","0000-00-00",0,"","A6EB626EA7BC11E594AA00FF59FBB323"
"A6F5633EA7BC11E594AA00FF59FBB323","ESTOYA","MARK CRISTIAN 11","","0000-00-00",0,"","A6F5DA79A7BC11E594AA00FF59FBB323"
"A6FE253DA7BC11E594AA00FF59FBB323","GERONA","EJ GAVRIEL 9MOS","","0000-00-00",0,"","A6FE9A8FA7BC11E594AA00FF59FBB323"
"A7086680A7BC11E594AA00FF59FBB323","GUARINO JR.","ZRANLEE KIEN 4","","0000-00-00",0,"","A7098506A7BC11E594AA00FF59FBB323"
"A70DB2CBA7BC11E594AA00FF59FBB323","INTIA","ELIZABETH23 DAN ANTHONY21","","0000-00-00",0,"","A70E520CA7BC11E594AA00FF59FBB323"
"A70DB2CBA7BC11E594AA00FF59FBB323","INTIA","NATELYN19 MARC 16 MARLO13","","0000-00-00",0,"","A70E7084A7BC11E594AA00FF59FBB323"
"A71EC88CA7BC11E594AA00FF59FBB323","PASCUAL","MARK JAYRUS PASCUAL 1YR.","","0000-00-00",0,"","A71F1D69A7BC11E594AA00FF59FBB323"
"A75F8D7EA7BC11E594AA00FF59FBB323","ALPAJORA","ALKEAN 8, ALKEIZHA 6,","","0000-00-00",0,"","A760664AA7BC11E594AA00FF59FBB323"
"A75F8D7EA7BC11E594AA00FF59FBB323","ALPAJORA","AESKHIELLE 4,KENT ANTHON2","","0000-00-00",0,"","A7608B34A7BC11E594AA00FF59FBB323"
"A77B8584A7BC11E594AA00FF59FBB323","AMADA JR.","MIKO DARVIN 2","","0000-00-00",0,"","A77C35B5A7BC11E594AA00FF59FBB323"
"A7A2BF0CA7BC11E594AA00FF59FBB323","ACURIN","NHIELVIE 24 CONYLYN 22","","0000-00-00",0,"","A7A41779A7BC11E594AA00FF59FBB323"
"A7A2BF0CA7BC11E594AA00FF59FBB323","ACURIN","BERNADETTE 19 LOUIE 14","","0000-00-00",0,"","A7A45B80A7BC11E594AA00FF59FBB323"
"A7D1A6A6A7BC11E594AA00FF59FBB323","SANTOS","RICK ANTHONY 9","","0000-00-00",0,"","A7D21085A7BC11E594AA00FF59FBB323"
"A7D3D7F8A7BC11E594AA00FF59FBB323","DUAY","DAVERLYN KATE G.DUAY","","0000-00-00",0,"","A7D42870A7BC11E594AA00FF59FBB323"
"A7DB2DA2A7BC11E594AA00FF59FBB323","PAGADOR","KHATE GHE ANN 3","","0000-00-00",0,"","A7DB89CFA7BC11E594AA00FF59FBB323"
"A7DB2DA2A7BC11E594AA00FF59FBB323","PAGADOR","KHENT GHIO 1","","0000-00-00",0,"","A7DB998BA7BC11E594AA00FF59FBB323"
"A7E794CCA7BC11E594AA00FF59FBB323","GOMEZ","EARL ZACK 3","","0000-00-00",0,"","A7E7E790A7BC11E594AA00FF59FBB323"
"A8080C33A7BC11E594AA00FF59FBB323","LOPEZ","COLLIN 6","","0000-00-00",0,"","A8085EC5A7BC11E594AA00FF59FBB323"
"A8080C33A7BC11E594AA00FF59FBB323","LOPEZ","SHANE XZ 2YRS","","0000-00-00",0,"","A8086DABA7BC11E594AA00FF59FBB323"
"A80A1654A7BC11E594AA00FF59FBB323","SUMALDE","VERONICA STIENNE 5","","0000-00-00",0,"","A80A7011A7BC11E594AA00FF59FBB323"
"A80CEC6CA7BC11E594AA00FF59FBB323","MANALASTAS","LEOMAR 5","","0000-00-00",0,"","A80D317DA7BC11E594AA00FF59FBB323"
"A80CEC6CA7BC11E594AA00FF59FBB323","MANALASTAS","MERALYN 4","","0000-00-00",0,"","A80D3F1BA7BC11E594AA00FF59FBB323"
"A8133BC7A7BC11E594AA00FF59FBB323","MILLAROSO","ZYMAR ANTHONY 9, ASHLEY","","0000-00-00",0,"","A8138CAAA7BC11E594AA00FF59FBB323"
"A8133BC7A7BC11E594AA00FF59FBB323","MILLAROSO","NICOLE 8, SHEKINA JIRAH 4","","0000-00-00",0,"","A8139BD6A7BC11E594AA00FF59FBB323"
"A81A3177A7BC11E594AA00FF59FBB323","CABOTE","ERIN SATINA 8","","0000-00-00",0,"","A81A8303A7BC11E594AA00FF59FBB323"
"A81A3177A7BC11E594AA00FF59FBB323","CABOTE","RUPERT ANGELO 3","","0000-00-00",0,"","A81A9366A7BC11E594AA00FF59FBB323"
"A81EBA35A7BC11E594AA00FF59FBB323","TOLETE","NATALIE CASSABDRA 1","","0000-00-00",0,"","A81F0B19A7BC11E594AA00FF59FBB323"
"A8206BE1A7BC11E594AA00FF59FBB323","SAMONG","YOSEFF ANDRIE 2","","0000-00-00",0,"","A820BFD4A7BC11E594AA00FF59FBB323"
"A84CFBA0A7BC11E594AA00FF59FBB323","OVILLE","GENE10,RHYZEL 8,JESSLIE 5","","0000-00-00",0,"","A84D4735A7BC11E594AA00FF59FBB323"
"A84CFBA0A7BC11E594AA00FF59FBB323","OVILLE","JETH 3, ELAIZA 6","","0000-00-00",0,"","A84D5556A7BC11E594AA00FF59FBB323"
"A85853E8A7BC11E594AA00FF59FBB323","AYUNTING","IAN ACE 8","","0000-00-00",0,"","A858AE29A7BC11E594AA00FF59FBB323"
"A863DDDEA7BC11E594AA00FF59FBB323","MAPUTE","JASTENE JAMES 3,CHRISTINA","","0000-00-00",0,"","A86432ECA7BC11E594AA00FF59FBB323"
"A863DDDEA7BC11E594AA00FF59FBB323","MAPUTE","NI","","0000-00-00",0,"","A8644224A7BC11E594AA00FF59FBB323"
"AE562D32A7BC11E594AA00FF59FBB323","LUMANTA","ARTHUR 2YRS. OLD","","0000-00-00",0,"","AE61B782A7BC11E594AA00FF59FBB323"
"AEA3B0C5A7BC11E594AA00FF59FBB323","CABRILES","EMERALD 3MOS","","0000-00-00",0,"","AEA443DBA7BC11E594AA00FF59FBB323"
"AEAE251CA7BC11E594AA00FF59FBB323","OMBALAY","CIDRICK 1","","0000-00-00",0,"","AEAE8DF0A7BC11E594AA00FF59FBB323"
"AEBB183DA7BC11E594AA00FF59FBB323","ABADILLA","CRISTINA CASSANDRA 3","","0000-00-00",0,"","AEBB7D20A7BC11E594AA00FF59FBB323"
"AEDF9C26A7BC11E594AA00FF59FBB323","LIBREA","AICA JOYCE 3","","0000-00-00",0,"","AEE03738A7BC11E594AA00FF59FBB323"
"AEED2B96A7BC11E594AA00FF59FBB323","MULETA JR.","JOHN HENDRIC 12,JAZYLLE","","0000-00-00",0,"","AEEDC769A7BC11E594AA00FF59FBB323"
"AEED2B96A7BC11E594AA00FF59FBB323","MULETA JR.","HANNA 11, JANYLLE 1","","0000-00-00",0,"","AEEDE351A7BC11E594AA00FF59FBB323"
"AF031A61A7BC11E594AA00FF59FBB323","PANGANIBAN","ASHTON JAMEZ 2","","0000-00-00",0,"","AF03CA54A7BC11E594AA00FF59FBB323"
"AF067FFFA7BC11E594AA00FF59FBB323","LORENZO","SHAWNLEY CEGEI 1","","0000-00-00",0,"","AF0730F9A7BC11E594AA00FF59FBB323"
"AF09F2F1A7BC11E594AA00FF59FBB323","ONG","ERICKA MAE 6","","0000-00-00",0,"","AF0A95A2A7BC11E594AA00FF59FBB323"
"AF4445A7A7BC11E594AA00FF59FBB323","PAME","ROIDEN 2","","0000-00-00",0,"","AF44FC67A7BC11E594AA00FF59FBB323"
"AF4B1CD2A7BC11E594AA00FF59FBB323","AGUDA","ERICH ALEEAM 4","","0000-00-00",0,"","AF4BCED7A7BC11E594AA00FF59FBB323"
"AF536BFBA7BC11E594AA00FF59FBB323","VILLAMARZO","HANNAH YURI 7","","0000-00-00",0,"","AF54092BA7BC11E594AA00FF59FBB323"
"AF536BFBA7BC11E594AA00FF59FBB323","VILLAMARZO","TAMAIRA NHEY 4MOS","","0000-00-00",0,"","AF542CA8A7BC11E594AA00FF59FBB323"
"AF64CBF3A7BC11E594AA00FF59FBB323","ROSALES","KRINNEA YAEL 12, JED","","0000-00-00",0,"","AF658D03A7BC11E594AA00FF59FBB323"
"AF64CBF3A7BC11E594AA00FF59FBB323","ROSALES","NATHANAEL 9, KARIES 2","","0000-00-00",0,"","AF65B120A7BC11E594AA00FF59FBB323"
"AF7F50A3A7BC11E594AA00FF59FBB323","GUILLERMO","JHAMAICA AZTHERIZ 4","","0000-00-00",0,"","AF7FB6DEA7BC11E594AA00FF59FBB323"
"AF7F50A3A7BC11E594AA00FF59FBB323","GUILLERMO","BRITCH NATHANIEL 3MOS","","0000-00-00",0,"","AF7FC848A7BC11E594AA00FF59FBB323"
"AFA83730A7BC11E594AA00FF59FBB323","OREJOLA","MARIAH ALODIA 1","","0000-00-00",0,"","AFA96424A7BC11E594AA00FF59FBB323"
"AFA83730A7BC11E594AA00FF59FBB323","OREJOLA","HARIZON EURI 2MOS","","0000-00-00",0,"","AFA99993A7BC11E594AA00FF59FBB323"
"AFD4405FA7BC11E594AA00FF59FBB323","RUBIA","PRINCESS GLITTER 5,","","0000-00-00",0,"","AFD58CEBA7BC11E594AA00FF59FBB323"
"AFD4405FA7BC11E594AA00FF59FBB323","RUBIA","AKIXIA JEWELL RAIN 2","","0000-00-00",0,"","AFD5C055A7BC11E594AA00FF59FBB323"
"AFE5F382A7BC11E594AA00FF59FBB323","BALUTE","LARA 19, JE ANN 16,","","0000-00-00",0,"","AFE69CE2A7BC11E594AA00FF59FBB323"
"AFE5F382A7BC11E594AA00FF59FBB323","BALUTE","EZIEKEL11,CHARLS9,YHANNA4","","0000-00-00",0,"","AFE6BD64A7BC11E594AA00FF59FBB323"
"B000C83BA7BC11E594AA00FF59FBB323","MAYOT","FRANCIS RYAN 10YRS","","0000-00-00",0,"","B0017870A7BC11E594AA00FF59FBB323"
"B000C83BA7BC11E594AA00FF59FBB323","MAYOT","NICA SHANE 8","","0000-00-00",0,"","B0019409A7BC11E594AA00FF59FBB323"
"B00A387EA7BC11E594AA00FF59FBB323","OREJOLA","JOHN JOWARD 1","","0000-00-00",0,"","B00ADD37A7BC11E594AA00FF59FBB323"
"B00DA367A7BC11E594AA00FF59FBB323","GASGONIA","JHERALDYN LOUISE 6","","0000-00-00",0,"","B00E4CDCA7BC11E594AA00FF59FBB323"
"B00DA367A7BC11E594AA00FF59FBB323","GASGONIA","PRINCE JHERDY 2","","0000-00-00",0,"","B00E6858A7BC11E594AA00FF59FBB323"
"B021771AA7BC11E594AA00FF59FBB323","AGUILAR","PRINCE CEDRIC 4","","0000-00-00",0,"","B0229D10A7BC11E594AA00FF59FBB323"
"B02829ADA7BC11E594AA00FF59FBB323","ALLERE","CRYSTAL KEIVS 4MOS","","0000-00-00",0,"","B028E2E9A7BC11E594AA00FF59FBB323"
"B0364C68A7BC11E594AA00FF59FBB323","BELERA","ZEDRICK JHAMAR 2","","0000-00-00",0,"","B03718A9A7BC11E594AA00FF59FBB323"
"B041AFACA7BC11E594AA00FF59FBB323","CARA","CALVIN CLARK 1","","0000-00-00",0,"","B0423CA9A7BC11E594AA00FF59FBB323"
"B05BA063A7BC11E594AA00FF59FBB323","DAPITON","THRISTAN 1","","0000-00-00",0,"","B05C2095A7BC11E594AA00FF59FBB323"
"B064B161A7BC11E594AA00FF59FBB323","LORENZANA","AALIYAH CLOE 4","","0000-00-00",0,"","B06518AFA7BC11E594AA00FF59FBB323"
"B067BD98A7BC11E594AA00FF59FBB323","MANAOG","ZATH 2","","0000-00-00",0,"","B0682807A7BC11E594AA00FF59FBB323"
"B06C1A9BA7BC11E594AA00FF59FBB323","MEDINA","AIONA SAMANTHA MEDINA","","0000-00-00",0,"","B06C802EA7BC11E594AA00FF59FBB323"
"B06C1A9BA7BC11E594AA00FF59FBB323","MEDINA","1 YR OLD","","0000-00-00",0,"","B06C90D8A7BC11E594AA00FF59FBB323"
"B06E1C02A7BC11E594AA00FF59FBB323","PAA","JAMES ARVIN PAA","","0000-00-00",0,"","B06E7096A7BC11E594AA00FF59FBB323"
"B06E1C02A7BC11E594AA00FF59FBB323","PAA","JAMAICA MAE 1 YR 8 MOS","","0000-00-00",0,"","B06E7E75A7BC11E594AA00FF59FBB323"
"B0B44A08A7BC11E594AA00FF59FBB323","PANTOLLANA","EZEIKIEL 1 YR 7MOS","","0000-00-00",0,"","B0B5A69DA7BC11E594AA00FF59FBB323"
"B0BFB565A7BC11E594AA00FF59FBB323","REALES","CHERVIE GAILE 3 YRS OLD","","0000-00-00",0,"","B0C0853EA7BC11E594AA00FF59FBB323"
"B0BFB565A7BC11E594AA00FF59FBB323","REALES","PRINCESS KAYE 2 YRS OLD","","0000-00-00",0,"","B0C0A50BA7BC11E594AA00FF59FBB323"
"B0C74CA2A7BC11E594AA00FF59FBB323","SANTOS","MARK DUSTIN 6, AJ GARVHIE","","0000-00-00",0,"","B0C845CAA7BC11E594AA00FF59FBB323"
"B0C74CA2A7BC11E594AA00FF59FBB323","SANTOS","5, JHENYHEL 4","","0000-00-00",0,"","B0C86540A7BC11E594AA00FF59FBB323"
"B0CBADCCA7BC11E594AA00FF59FBB323","TOQUE","SHAINA MILES TOQUE 2Y/O","","0000-00-00",0,"","B0CC6FA1A7BC11E594AA00FF59FBB323"
"B0D0A2D9A7BC11E594AA00FF59FBB323","UMPAD","ALEXANDRIA MEIL FELICES","","0000-00-00",0,"","B0D1A98AA7BC11E594AA00FF59FBB323"
"B3C7702AA7BC11E594AA00FF59FBB323","DIAZ","MICHAEL JOSHUA DIAZ/11","","0000-00-00",0,"","B3CCB26FA7BC11E594AA00FF59FBB323"
"B3C7702AA7BC11E594AA00FF59FBB323","DIAZ","JOHN DEXTER DIAZ/9","","0000-00-00",0,"","B3CCF8EEA7BC11E594AA00FF59FBB323"
"B3D7ECB9A7BC11E594AA00FF59FBB323","VILLANUEVA","KREZHA JOY 6,JOHN ROMAR 4","","0000-00-00",0,"","B3DBB87FA7BC11E594AA00FF59FBB323"
"B3D7ECB9A7BC11E594AA00FF59FBB323","VILLANUEVA","MARK ANGELO 2","","0000-00-00",0,"","B3DBCEDEA7BC11E594AA00FF59FBB323"
"B3F28E98A7BC11E594AA00FF59FBB323","NOVIS","MARK LIAN NOVIS 7MOS","","0000-00-00",0,"","B3F2E57FA7BC11E594AA00FF59FBB323"
"B3F90CBFA7BC11E594AA00FF59FBB323","SANTANDER","JHOANA CHRISTINE 4","","0000-00-00",0,"","B3F9758BA7BC11E594AA00FF59FBB323"
"B3FB42EDA7BC11E594AA00FF59FBB323","SUELA","CHARLES CHESTER 9","","0000-00-00",0,"","B3FBAE1DA7BC11E594AA00FF59FBB323"
"B3FB42EDA7BC11E594AA00FF59FBB323","SUELA","KEAN JAMIR 3","","0000-00-00",0,"","B3FBC143A7BC11E594AA00FF59FBB323"
"B4126720A7BC11E594AA00FF59FBB323","GUZMAN","TANYA JADE GUZMAN/3","","0000-00-00",0,"","B412D2F4A7BC11E594AA00FF59FBB323"
"B41F387BA7BC11E594AA00FF59FBB323","VILLAMARZO","1 LOUISE SAMANTHA","","0000-00-00",0,"","B4205623A7BC11E594AA00FF59FBB323"
"B42FD46CA7BC11E594AA00FF59FBB323","BAUTISTA","CARL JOHNSON BAUTISTA/1YR","","0000-00-00",0,"","B4312ADDA7BC11E594AA00FF59FBB323"
"B4352A39A7BC11E594AA00FF59FBB323","NAGUIT","SEAN ZACKARY DREW 1YR","","0000-00-00",0,"","B4365239A7BC11E594AA00FF59FBB323"
"B452AA25A7BC11E594AA00FF59FBB323","RODRIGUEZ","KRISHA PAULEEN,6YRS","","0000-00-00",0,"","B452FEF1A7BC11E594AA00FF59FBB323"
"B4606E2AA7BC11E594AA00FF59FBB323","BANTON","BRYGANA LOREIGH BANTON","","0000-00-00",0,"","B460C9D4A7BC11E594AA00FF59FBB323"
"B4606E2AA7BC11E594AA00FF59FBB323","BANTON","5YR. OLD","","0000-00-00",0,"","B460DA37A7BC11E594AA00FF59FBB323"
"B4633ED2A7BC11E594AA00FF59FBB323","DANAO","PRINCE ANTHONY CARL C.","","0000-00-00",0,"","B4639CE4A7BC11E594AA00FF59FBB323"
"B4633ED2A7BC11E594AA00FF59FBB323","DANAO","DANAO/2YRS","","0000-00-00",0,"","B463AFFDA7BC11E594AA00FF59FBB323"
"B4673919A7BC11E594AA00FF59FBB323","ESPERANZA","JOHN PAULO R.ESPERANZA 3Y","","0000-00-00",0,"","B4679489A7BC11E594AA00FF59FBB323"
"B4673919A7BC11E594AA00FF59FBB323","ESPERANZA","JOHANNA PAOLA R.ESPERANZA","","0000-00-00",0,"","B467A71FA7BC11E594AA00FF59FBB323"
"B46C0284A7BC11E594AA00FF59FBB323","ESCUDO","ZYDEN GABRIEL, 5YRS.","","0000-00-00",0,"","B46C6798A7BC11E594AA00FF59FBB323"
"B46C0284A7BC11E594AA00FF59FBB323","ESCUDO","ZIAN LEI, 2YRS.","","0000-00-00",0,"","B46C7851A7BC11E594AA00FF59FBB323"
"B471C80EA7BC11E594AA00FF59FBB323","OREJOLA","MARIAN ALONDIA 1","","0000-00-00",0,"","B47224CFA7BC11E594AA00FF59FBB323"
"B47D026EA7BC11E594AA00FF59FBB323","DURAL","ELIJAH EZEKIEL 3","","0000-00-00",0,"","B47D7A9FA7BC11E594AA00FF59FBB323"
"B48733E5A7BC11E594AA00FF59FBB323","TADEO","ALEXA MIKAELA ROSE 8","","0000-00-00",0,"","B4880869A7BC11E594AA00FF59FBB323"
"B490CAA9A7BC11E594AA00FF59FBB323","CORONEL","ALBERT LEE 2","","0000-00-00",0,"","B491699DA7BC11E594AA00FF59FBB323"
"B4B0A0D9A7BC11E594AA00FF59FBB323","MANTILLA","LIMUEL ALBERT 2","","0000-00-00",0,"","B4B0F9A0A7BC11E594AA00FF59FBB323"
"B4B32572A7BC11E594AA00FF59FBB323","SINTO","STEVE AARON 3","","0000-00-00",0,"","B4B38A81A7BC11E594AA00FF59FBB323"
"B4B32572A7BC11E594AA00FF59FBB323","SINTO","LOURD JAMES 1","","0000-00-00",0,"","B4B39B95A7BC11E594AA00FF59FBB323"
"B5451572A7BC11E594AA00FF59FBB323","CASTILLO","DOME MICHAEL 2","","0000-00-00",0,"","B5459F2EA7BC11E594AA00FF59FBB323"
"B54B989AA7BC11E594AA00FF59FBB323","SALDEVAR","KRIS ANDRAE 4","","0000-00-00",0,"","B54C483BA7BC11E594AA00FF59FBB323"
"B55A945EA7BC11E594AA00FF59FBB323","AMBROCIO","RYZA 8YRS CYRUS 4MOS","","0000-00-00",0,"","B55B25C5A7BC11E594AA00FF59FBB323"
"B55A945EA7BC11E594AA00FF59FBB323","AMBROCIO","SAMANTHA 6YRS","","0000-00-00",0,"","B55B3DF8A7BC11E594AA00FF59FBB323"
"B5708EF2A7BC11E594AA00FF59FBB323","DAACA","RESTHY JANE 8","","0000-00-00",0,"","B570DFE6A7BC11E594AA00FF59FBB323"
"B5708EF2A7BC11E594AA00FF59FBB323","DAACA","STECY MARIEL 7","","0000-00-00",0,"","B570EF1DA7BC11E594AA00FF59FBB323"
"B5745430A7BC11E594AA00FF59FBB323","FRAGATA","SHAN MICHAEL 10,","","0000-00-00",0,"","B574A528A7BC11E594AA00FF59FBB323"
"B5745430A7BC11E594AA00FF59FBB323","FRAGATA","STEPHANIE 4","","0000-00-00",0,"","B574B412A7BC11E594AA00FF59FBB323"
"B578D498A7BC11E594AA00FF59FBB323","LIONG","KENNETH 5","","0000-00-00",0,"","B579232CA7BC11E594AA00FF59FBB323"
"B61C907DA7BC11E594AA00FF59FBB323","SUMAYOD","JAM ZILDJIAN 8, GIO","","0000-00-00",0,"","B61CF04AA7BC11E594AA00FF59FBB323"
"B61C907DA7BC11E594AA00FF59FBB323","SUMAYOD","MITCHEL 3, GION LEVI 1","","0000-00-00",0,"","B61D00D7A7BC11E594AA00FF59FBB323"
"B627D09AA7BC11E594AA00FF59FBB323","ZAMORA","PRINCE JAZZ 2","","0000-00-00",0,"","B6290EFDA7BC11E594AA00FF59FBB323"
"B63A25DEA7BC11E594AA00FF59FBB323","POSTIGO","RAIN KHIAN POSTIGIO 7YR","","0000-00-00",0,"","B63B4794A7BC11E594AA00FF59FBB323"
"B65B8550A7BC11E594AA00FF59FBB323","RAYNERA JR.","JHURIS KAYCEE 3","","0000-00-00",0,"","B65C5B0FA7BC11E594AA00FF59FBB323"
"B65F765EA7BC11E594AA00FF59FBB323","NU","LIAN NICOLO 2","","0000-00-00",0,"","B660199AA7BC11E594AA00FF59FBB323"
"B6761679A7BC11E594AA00FF59FBB323","VILLANUEVA","YRAM JAKE 9","","0000-00-00",0,"","B6767523A7BC11E594AA00FF59FBB323"
"B682FB86A7BC11E594AA00FF59FBB323","BALILI","RUBAL JR. 2YR","","0000-00-00",0,"","B683609EA7BC11E594AA00FF59FBB323"
"BB9747B2A7BC11E594AA00FF59FBB323","ABA","JOHN RUSSELL 14, MARK 12,","","0000-00-00",0,"","BB979A13A7BC11E594AA00FF59FBB323"
"BB9747B2A7BC11E594AA00FF59FBB323","ABA","ABIGAIL 10, CARL 8","","0000-00-00",0,"","BB97A91EA7BC11E594AA00FF59FBB323"
"BBA02F5CA7BC11E594AA00FF59FBB323","GARCIA","ERICKA 5","","0000-00-00",0,"","BBA08E6DA7BC11E594AA00FF59FBB323"
"BBA6197FA7BC11E594AA00FF59FBB323","GADACHO","JANNICA YZHEL/7MNTHS","","0000-00-00",0,"","BBA671C3A7BC11E594AA00FF59FBB323"
"BBA7B8CAA7BC11E594AA00FF59FBB323","GUERRERO","ALLYSA PAULA 12","","0000-00-00",0,"","BBA8015FA7BC11E594AA00FF59FBB323"
"BBA7B8CAA7BC11E594AA00FF59FBB323","GUERRERO","LHANA PAULINE 8","","0000-00-00",0,"","BBA81041A7BC11E594AA00FF59FBB323"
"BBA9F34DA7BC11E594AA00FF59FBB323","VALDEZ","JHOANNA KATE 6","","0000-00-00",0,"","BBAA3C02A7BC11E594AA00FF59FBB323"
"BBBC4961A7BC11E594AA00FF59FBB323","CORPUZ","MARCUS ZILDJIAN CORPUZ","","0000-00-00",0,"","BBBD372BA7BC11E594AA00FF59FBB323"
"BBBC4961A7BC11E594AA00FF59FBB323","CORPUZ","6Y.O.","","0000-00-00",0,"","BBBD6464A7BC11E594AA00FF59FBB323"
"BBC140DFA7BC11E594AA00FF59FBB323","COSTRUA","KURT ANDREI 6MOS","","0000-00-00",0,"","BBC1CFF2A7BC11E594AA00FF59FBB323"
"BBC3EF6FA7BC11E594AA00FF59FBB323","ORONCE","GLYZEL JOY 8MOS","","0000-00-00",0,"","BBC4846AA7BC11E594AA00FF59FBB323"
"BBEF2BFFA7BC11E594AA00FF59FBB323","ERANISTA","JAYMARK ERANISTA 5YRS.","","0000-00-00",0,"","BBEF98A9A7BC11E594AA00FF59FBB323"
"BBF5C238A7BC11E594AA00FF59FBB323","GASGONIA","JHERALDYN LOUISE GASGONIA","","0000-00-00",0,"","BBF614CAA7BC11E594AA00FF59FBB323"
"BBF5C238A7BC11E594AA00FF59FBB323","GASGONIA","3 Y/O, PRINCE JHERDY","","0000-00-00",0,"","BBF6241FA7BC11E594AA00FF59FBB323"
"BC025761A7BC11E594AA00FF59FBB323","IBARRIENTOS","DHELAN JACOB I.LAMPOS","","0000-00-00",0,"","BC02A957A7BC11E594AA00FF59FBB323"
"BC025761A7BC11E594AA00FF59FBB323","IBARRIENTOS","2YR. OLD","","0000-00-00",0,"","BC02B897A7BC11E594AA00FF59FBB323"
"BC047589A7BC11E594AA00FF59FBB323","VITO","CARL JETHRO 1","","0000-00-00",0,"","BC04CB8EA7BC11E594AA00FF59FBB323"
"BC066FBDA7BC11E594AA00FF59FBB323","CASILI","MARK NATHAN CASILI 2MON","","0000-00-00",0,"","BC06B566A7BC11E594AA00FF59FBB323"
"BC1A0962A7BC11E594AA00FF59FBB323","SANTOALLA","DIRK JERVIN 4","","0000-00-00",0,"","BC1A6179A7BC11E594AA00FF59FBB323"
"BC215922A7BC11E594AA00FF59FBB323","GARCIA","OWEN 4","","0000-00-00",0,"","BC21AA8CA7BC11E594AA00FF59FBB323"
"BC401A36A7BC11E594AA00FF59FBB323","ILAN","PRINCE QUIEL 3","","0000-00-00",0,"","BC40D99FA7BC11E594AA00FF59FBB323"
"BC401A36A7BC11E594AA00FF59FBB323","ILAN","PRINCE QHIAN 1YR 8MOS","","0000-00-00",0,"","BC40FE3BA7BC11E594AA00FF59FBB323"
"BC488EC0A7BC11E594AA00FF59FBB323","CAPAYAS","AN DALE 3","","0000-00-00",0,"","BC48FCA9A7BC11E594AA00FF59FBB323"
"BC5F815DA7BC11E594AA00FF59FBB323","NEBRIDA","JAYRUSS AARON 3","","0000-00-00",0,"","BC6719B9A7BC11E594AA00FF59FBB323"
"BCE1D410A7BC11E594AA00FF59FBB323","LAROSA","GRANT CARLOS LAROSA 6","","0000-00-00",0,"","BCE2A50CA7BC11E594AA00FF59FBB323"
"BCE1D410A7BC11E594AA00FF59FBB323","LAROSA","KENT CYMON LAROSA 11","","0000-00-00",0,"","BCE2CB16A7BC11E594AA00FF59FBB323"
"BD1E0FFEA7BC11E594AA00FF59FBB323","TORRES JR.","WENDEL 17","","0000-00-00",0,"","BD1E89A1A7BC11E594AA00FF59FBB323"
"BD1E0FFEA7BC11E594AA00FF59FBB323","TORRES JR.","WESLEY 15","","0000-00-00",0,"","BD1E9C0EA7BC11E594AA00FF59FBB323"
"BD2E61B8A7BC11E594AA00FF59FBB323","OREJOLA","CARL JHAY 1MOS","","0000-00-00",0,"","BD2F72EAA7BC11E594AA00FF59FBB323"
"BD362E8CA7BC11E594AA00FF59FBB323","RIVERA JR.","JAMES MARTIN 6, PETER 4,","","0000-00-00",0,"","BD377F0AA7BC11E594AA00FF59FBB323"
"BD362E8CA7BC11E594AA00FF59FBB323","RIVERA JR.","JACOB 1","","0000-00-00",0,"","BD37B339A7BC11E594AA00FF59FBB323"
"BD43CEE7A7BC11E594AA00FF59FBB323","PENTECOSTES","ZOPHIA CHAZ 4","","0000-00-00",0,"","BD450040A7BC11E594AA00FF59FBB323"
"BD43CEE7A7BC11E594AA00FF59FBB323","PENTECOSTES","RENZIE GRAY 3","","0000-00-00",0,"","BD454638A7BC11E594AA00FF59FBB323"
"BD4F9A74A7BC11E594AA00FF59FBB323","PARADO","ANGEL GRACE 2","","0000-00-00",0,"","BD50B0A7A7BC11E594AA00FF59FBB323"
"BD4F9A74A7BC11E594AA00FF59FBB323","PARADO","ANGELO JHAY 1MOS","","0000-00-00",0,"","BD50DD02A7BC11E594AA00FF59FBB323"
"BD7577C5A7BC11E594AA00FF59FBB323","ESGUERRA","ALLIYAH FAYE 6","","0000-00-00",0,"","BD75DDECA7BC11E594AA00FF59FBB323"
"BD7577C5A7BC11E594AA00FF59FBB323","ESGUERRA","AYESHA CRISTINE 3","","0000-00-00",0,"","BD75F04CA7BC11E594AA00FF59FBB323"
"BD784DD1A7BC11E594AA00FF59FBB323","MAGPATOC","LUIS XANDER 4","","0000-00-00",0,"","BD78B43DA7BC11E594AA00FF59FBB323"
"BD7DCF17A7BC11E594AA00FF59FBB323","VILLARBA","RYE 5YRS","","0000-00-00",0,"","BD7E37B6A7BC11E594AA00FF59FBB323"
"BD8BD98BA7BC11E594AA00FF59FBB323","FOSTER","CHELO MAE FOSTER 10YRS","","0000-00-00",0,"","BD8C8161A7BC11E594AA00FF59FBB323"
"BDA08E4FA7BC11E594AA00FF59FBB323","LLAGAS","XYLA JANEEN LLAGAS/ 5Y.O.","","0000-00-00",0,"","BDA12461A7BC11E594AA00FF59FBB323"
"BDAC734FA7BC11E594AA00FF59FBB323","ROZOL JR.","FRANCHEZKA JENA-8MOS","","0000-00-00",0,"","BDAD01BAA7BC11E594AA00FF59FBB323"
"BDB0F90DA7BC11E594AA00FF59FBB323","VIBAL","KATHLEEN JOYCE 18","","0000-00-00",0,"","BDB1975DA7BC11E594AA00FF59FBB323"
"BDB0F90DA7BC11E594AA00FF59FBB323","VIBAL","JOHN PAUL 16","","0000-00-00",0,"","BDB1B23EA7BC11E594AA00FF59FBB323"
"BE0B3C9AA7BC11E594AA00FF59FBB323","MACAYAN","ZHAMZIE 3","","0000-00-00",0,"","BE0BD8E0A7BC11E594AA00FF59FBB323"
"BE0B3C9AA7BC11E594AA00FF59FBB323","MACAYAN","JHONLLOYD 3,JHONCID 2","","0000-00-00",0,"","BE0BF501A7BC11E594AA00FF59FBB323"
"BE181C50A7BC11E594AA00FF59FBB323","GODOY","KEIZHA MAY 5","","0000-00-00",0,"","BE18C200A7BC11E594AA00FF59FBB323"
"BE181C50A7BC11E594AA00FF59FBB323","GODOY","KARYLLE MARGARETH 3","","0000-00-00",0,"","BE18E32AA7BC11E594AA00FF59FBB323"
"BE215A55A7BC11E594AA00FF59FBB323","MANGA","INGELINE S. MANGA 13","","0000-00-00",0,"","BE220629A7BC11E594AA00FF59FBB323"
"BE3A6F66A7BC11E594AA00FF59FBB323","HERMINA","SHANE 5YRS","","0000-00-00",0,"","BE3B0AFCA7BC11E594AA00FF59FBB323"
"C13DDA4FA7BC11E594AA00FF59FBB323","GARDUQUE JR.","ALEXA KIM 5","","0000-00-00",0,"","C13E3FEAA7BC11E594AA00FF59FBB323"
"C13DDA4FA7BC11E594AA00FF59FBB323","GARDUQUE JR.","CEDRICK 4","","0000-00-00",0,"","C13E4EFDA7BC11E594AA00FF59FBB323"
"C15B2722A7BC11E594AA00FF59FBB323","RODRIGUEZ","BERNARD 3","","0000-00-00",0,"","C15B77E5A7BC11E594AA00FF59FBB323"
"C15B2722A7BC11E594AA00FF59FBB323","RODRIGUEZ","SACHI TEREXIA 5","","0000-00-00",0,"","C15B883CA7BC11E594AA00FF59FBB323"
"C16A69A3A7BC11E594AA00FF59FBB323","ABANILLA","SIDNEY SIBASTIAN 3","","0000-00-00",0,"","C16AB7D5A7BC11E594AA00FF59FBB323"
"C16A69A3A7BC11E594AA00FF59FBB323","ABANILLA","HERSHEY JOY 1","","0000-00-00",0,"","C16AC53DA7BC11E594AA00FF59FBB323"
"C173CDFCA7BC11E594AA00FF59FBB323","GIDO","AXEL ROSE 4","","0000-00-00",0,"","C1742671A7BC11E594AA00FF59FBB323"
"C1758B1BA7BC11E594AA00FF59FBB323","TAPANG","KCIER JANZEN 9","","0000-00-00",0,"","C175DB08A7BC11E594AA00FF59FBB323"
"C1758B1BA7BC11E594AA00FF59FBB323","TAPANG","KRISTOFER INAKI 1","","0000-00-00",0,"","C175ED1EA7BC11E594AA00FF59FBB323"
"C194C5C1A7BC11E594AA00FF59FBB323","BANDOL","KATE XYRIEL 4","","0000-00-00",0,"","C195638EA7BC11E594AA00FF59FBB323"
"C194C5C1A7BC11E594AA00FF59FBB323","BANDOL","CARL XEBASTIAN 2","","0000-00-00",0,"","C1957E0CA7BC11E594AA00FF59FBB323"
"C1AAC542A7BC11E594AA00FF59FBB323","PRADO","3","","0000-00-00",0,"","C1C2DCDBA7BC11E594AA00FF59FBB323"
"C21A2749A7BC11E594AA00FF59FBB323","SUPAN","CAITLIN STACEY 2","","0000-00-00",0,"","C21A79ECA7BC11E594AA00FF59FBB323"
"C225008AA7BC11E594AA00FF59FBB323","GRUESO","JESMINE 10","","0000-00-00",0,"","C22549D0A7BC11E594AA00FF59FBB323"
"C225008AA7BC11E594AA00FF59FBB323","GRUESO","SARAH MAE 11","","0000-00-00",0,"","C22556DDA7BC11E594AA00FF59FBB323"
"C232ACF9A7BC11E594AA00FF59FBB323","ELEFANE","THAILER JAMES ELEFANE,8MO","","0000-00-00",0,"","C2330400A7BC11E594AA00FF59FBB323"
"C2651667A7BC11E594AA00FF59FBB323","BLAZA","RAY ARWIN 1","","0000-00-00",0,"","C265B6D0A7BC11E594AA00FF59FBB323"
"C26CF51DA7BC11E594AA00FF59FBB323","JAKOSALEM","PRINCE MATTHEW 8","","0000-00-00",0,"","C26E00F0A7BC11E594AA00FF59FBB323"
"C26CF51DA7BC11E594AA00FF59FBB323","JAKOSALEM","KRISHNAN AYDEN 2","","0000-00-00",0,"","C26E3615A7BC11E594AA00FF59FBB323"
"C27C0ADCA7BC11E594AA00FF59FBB323","AMONGO","ALIAH 5, AJ 2","","0000-00-00",0,"","C27CB884A7BC11E594AA00FF59FBB323"
"C287A628A7BC11E594AA00FF59FBB323","ARCILLA","CHRIZ ANN JHOICE 5","","0000-00-00",0,"","C287FA79A7BC11E594AA00FF59FBB323"
"C287A628A7BC11E594AA00FF59FBB323","ARCILLA","ANGEL NICOLE 3","","0000-00-00",0,"","C28814B1A7BC11E594AA00FF59FBB323"
"C29AFDECA7BC11E594AA00FF59FBB323","GARCIA","MATT ANDRE GARCIA 9","","0000-00-00",0,"","C29B84B1A7BC11E594AA00FF59FBB323"
"C29AFDECA7BC11E594AA00FF59FBB323","GARCIA","NERO CAPARAS 5","","0000-00-00",0,"","C29B9AA6A7BC11E594AA00FF59FBB323"
"C2A85581A7BC11E594AA00FF59FBB323","MIRA","HANNAH QUISENTH C. MIRA 7","","0000-00-00",0,"","C2A8A478A7BC11E594AA00FF59FBB323"
"C2AC0430A7BC11E594AA00FF59FBB323","NGITNGIT","MARK JOHN N. MALICAY 5MOS","","0000-00-00",0,"","C2AC5033A7BC11E594AA00FF59FBB323"
"C2CF97E8A7BC11E594AA00FF59FBB323","PASTORES","DUSTINE JUSHUA, 3Y.O.","","0000-00-00",0,"","C2D01949A7BC11E594AA00FF59FBB323"
"C2E66A3CA7BC11E594AA00FF59FBB323","GASGONIA","KARL VINCENT 8","","0000-00-00",0,"","C2E9F20BA7BC11E594AA00FF59FBB323"
"C2E66A3CA7BC11E594AA00FF59FBB323","GASGONIA","KIAN VINCEJAY 4","","0000-00-00",0,"","C2EA2F73A7BC11E594AA00FF59FBB323"
"C2FF6D1EA7BC11E594AA00FF59FBB323","IGNACIO","JANICA ROSE 2","","0000-00-00",0,"","C2FFC79CA7BC11E594AA00FF59FBB323"
"C31702FBA7BC11E594AA00FF59FBB323","VILLARAMA","JOHN WILSON 2","","0000-00-00",0,"","C317B41AA7BC11E594AA00FF59FBB323"
"C637BABBA7BC11E594AA00FF59FBB323","BALLESTER","JAYLLA 7,","","0000-00-00",0,"","C63A8C46A7BC11E594AA00FF59FBB323"
"C637BABBA7BC11E594AA00FF59FBB323","BALLESTER","JOHN MARK 4,JAMAILA 2 1/2","","0000-00-00",0,"","C63AA525A7BC11E594AA00FF59FBB323"
"C65B52E0A7BC11E594AA00FF59FBB323","RAMOS","KIER LAXXUS TALATO, 3YR","","0000-00-00",0,"","C65BFB46A7BC11E594AA00FF59FBB323"
"C6608C7CA7BC11E594AA00FF59FBB323","TACORDA","MATHEW JAMES 2","","0000-00-00",0,"","C66129BCA7BC11E594AA00FF59FBB323"
"C66C935AA7BC11E594AA00FF59FBB323","LAGOS","KHEARA MELODY 3","","0000-00-00",0,"","C66D3409A7BC11E594AA00FF59FBB323"
"C66C935AA7BC11E594AA00FF59FBB323","LAGOS","KHIEL MADRICK 1","","0000-00-00",0,"","C66D5187A7BC11E594AA00FF59FBB323"
"C6759AFEA7BC11E594AA00FF59FBB323","MABAZZA","XANDRIA ANNE 3 WEEKS","","0000-00-00",0,"","C6763782A7BC11E594AA00FF59FBB323"
"C6A3B4E5A7BC11E594AA00FF59FBB323","MENDOZA","JASMINE MARIE MENDOZA","","0000-00-00",0,"","C6A409B6A7BC11E594AA00FF59FBB323"
"C6A5D9A5A7BC11E594AA00FF59FBB323","NOTAR","TRISTAN JAYLORD NOTAR, 4","","0000-00-00",0,"","C6A634AFA7BC11E594AA00FF59FBB323"
"C6AB02E1A7BC11E594AA00FF59FBB323","OCAT","RONAMAE MENDOZA, 11Y.O.","","0000-00-00",0,"","C6AB548DA7BC11E594AA00FF59FBB323"
"C6B1BCB8A7BC11E594AA00FF59FBB323","CERVANTES","ARKANE ZAC 1","","0000-00-00",0,"","C6B21958A7BC11E594AA00FF59FBB323"
"C6B74E5EA7BC11E594AA00FF59FBB323","DANAO","JULLIAN 2","","0000-00-00",0,"","C6B7AB75A7BC11E594AA00FF59FBB323"
"C6B74E5EA7BC11E594AA00FF59FBB323","DANAO","JULLIUS 3MOS","","0000-00-00",0,"","C6B7BFBEA7BC11E594AA00FF59FBB323"
"C6B99101A7BC11E594AA00FF59FBB323","LAGYAP","ARKIE MARC LAGYAP, 1","","0000-00-00",0,"","C6B9EE90A7BC11E594AA00FF59FBB323"
"C6C7806CA7BC11E594AA00FF59FBB323","ARSENAL","JULIAN JR.17","","0000-00-00",0,"","C6C7E3C4A7BC11E594AA00FF59FBB323"
"C6C7806CA7BC11E594AA00FF59FBB323","ARSENAL","JUVY 13","","0000-00-00",0,"","C6C7F4ABA7BC11E594AA00FF59FBB323"
"C6CA3587A7BC11E594AA00FF59FBB323","MARAAN","MARC DENVER MARAAN, 7 Y.O","","0000-00-00",0,"","C6CA88D2A7BC11E594AA00FF59FBB323"
"C6CC91D7A7BC11E594AA00FF59FBB323","CAPILI","SIMON KIER 3","","0000-00-00",0,"","C6CCE6DEA7BC11E594AA00FF59FBB323"
"C6CC91D7A7BC11E594AA00FF59FBB323","CAPILI","SAMUEL 2","","0000-00-00",0,"","C6CCF6A5A7BC11E594AA00FF59FBB323"
"C6CF7BD2A7BC11E594AA00FF59FBB323","BUBAN","CRISTAL JEA 3","","0000-00-00",0,"","C6CFFEFBA7BC11E594AA00FF59FBB323"
"C6D1CD16A7BC11E594AA00FF59FBB323","DERECHO","MEKAILA CLAIRE 6","","0000-00-00",0,"","C6D2168CA7BC11E594AA00FF59FBB323"
"C6D1CD16A7BC11E594AA00FF59FBB323","DERECHO","CHRIS JOSEPH 1","","0000-00-00",0,"","C6D223CBA7BC11E594AA00FF59FBB323"
"C6D42629A7BC11E594AA00FF59FBB323","VILLANEA","SHANELLA COLEEN 2","","0000-00-00",0,"","C6D471BDA7BC11E594AA00FF59FBB323"
"C6D626B7A7BC11E594AA00FF59FBB323","JAVIER","ARJAN YVO 11","","0000-00-00",0,"","C6D6765EA7BC11E594AA00FF59FBB323"
"C6D626B7A7BC11E594AA00FF59FBB323","JAVIER","KIMIKO 5, JAX 1","","0000-00-00",0,"","C6D68353A7BC11E594AA00FF59FBB323"
"C7041BD1A7BC11E594AA00FF59FBB323","PERIDO","NEAL JAIME RUSHWARD 3","","0000-00-00",0,"","C70B9D6BA7BC11E594AA00FF59FBB323"
"C7041BD1A7BC11E594AA00FF59FBB323","PERIDO","EDUARDO 1","","0000-00-00",0,"","C70BAAB2A7BC11E594AA00FF59FBB323"
"C70EA6C4A7BC11E594AA00FF59FBB323","PAGKALIWANGN","ELISHA 4","","0000-00-00",0,"","C70EEC82A7BC11E594AA00FF59FBB323"
"C71194FEA7BC11E594AA00FF59FBB323","BERNARDO","IVAN KYLE 3","","0000-00-00",0,"","C711EC5CA7BC11E594AA00FF59FBB323"
"C720A1DFA7BC11E594AA00FF59FBB323","DIAZ JR.","KHAIRRA JANE DIAZ 1MONTH","","0000-00-00",0,"","C720FF40A7BC11E594AA00FF59FBB323"
"C7596BADA7BC11E594AA00FF59FBB323","LUKLUKAN","JUAQUIN ADRIAN 8","","0000-00-00",0,"","C759C08AA7BC11E594AA00FF59FBB323"
"C7596BADA7BC11E594AA00FF59FBB323","LUKLUKAN","JASPER ARDANE 1","","0000-00-00",0,"","C759CF95A7BC11E594AA00FF59FBB323"
"C76425A0A7BC11E594AA00FF59FBB323","ROQUE","ATHENA GWENETH/11MNTHS","","0000-00-00",0,"","C7647589A7BC11E594AA00FF59FBB323"
"C768FD07A7BC11E594AA00FF59FBB323","FRANCISCO","JOHN LENARD 4Y.O.","","0000-00-00",0,"","C769416CA7BC11E594AA00FF59FBB323"
"C7744F4BA7BC11E594AA00FF59FBB323","BASA","ANNIKA DAINE/ 2YR.","","0000-00-00",0,"","C79F0254A7BC11E594AA00FF59FBB323"
"C7AA8DE5A7BC11E594AA00FF59FBB323","ELLA","MARK DAVE ELLA 13,CRISHA","","0000-00-00",0,"","C7AB48D0A7BC11E594AA00FF59FBB323"
"C7AA8DE5A7BC11E594AA00FF59FBB323","ELLA","ELLA 8./JUSTINE 3YRS","","0000-00-00",0,"","C7AB607BA7BC11E594AA00FF59FBB323"
"C7AEFDF9A7BC11E594AA00FF59FBB323","BERBANIA","ZAC MATTUEZ BERBANIA","","0000-00-00",0,"","C7AF5DE7A7BC11E594AA00FF59FBB323"
"C7B35E5EA7BC11E594AA00FF59FBB323","DISIERTO","SHANELL 12, KINNETH 9","","0000-00-00",0,"","C7B3C1AEA7BC11E594AA00FF59FBB323"
"C7B35E5EA7BC11E594AA00FF59FBB323","DISIERTO","TRAVISH 4, TIHANIE 3","","0000-00-00",0,"","C7B3D4D4A7BC11E594AA00FF59FBB323"
"C7BE7316A7BC11E594AA00FF59FBB323","DE SILVA","HYLIX XAVIER 1","","0000-00-00",0,"","C7BED1E9A7BC11E594AA00FF59FBB323"
"C7C4E867A7BC11E594AA00FF59FBB323","TOMPONG JR.","JOYCE ANNE 20, JAYSON 18,","","0000-00-00",0,"","C7C59AD7A7BC11E594AA00FF59FBB323"
"C7C4E867A7BC11E594AA00FF59FBB323","TOMPONG JR.","LOIS JUNE 13","","0000-00-00",0,"","C7C5B56DA7BC11E594AA00FF59FBB323"
"CCB12942A7BC11E594AA00FF59FBB323","REVILLAME","ANGIE ANN REVILLAME 7YRS.","","0000-00-00",0,"","CCB1E2F9A7BC11E594AA00FF59FBB323"
"CCBED7D6A7BC11E594AA00FF59FBB323","DE JESUS","EIREZ RHEYAINE 2","","0000-00-00",0,"","CCBFCB86A7BC11E594AA00FF59FBB323"
"CCE1C226A7BC11E594AA00FF59FBB323","GARACHICO","RICHMEL GARACHICO 11","","0000-00-00",0,"","CCE24E73A7BC11E594AA00FF59FBB323"
"CCE1C226A7BC11E594AA00FF59FBB323","GARACHICO","CHARMEL GARACHICO 7","","0000-00-00",0,"","CCE265F5A7BC11E594AA00FF59FBB323"
"CCE9DCC5A7BC11E594AA00FF59FBB323","ROCO","ZION ROCO 9 MONTHS","","0000-00-00",0,"","CCEA61F8A7BC11E594AA00FF59FBB323"
"CCEBF139A7BC11E594AA00FF59FBB323","MOYANO","FELIX ISRAEL 5","","0000-00-00",0,"","CCEC3C73A7BC11E594AA00FF59FBB323"
"CCFDC605A7BC11E594AA00FF59FBB323","MATALANG","MARGAUX VICTORIA 2MOS","","0000-00-00",0,"","CCFE1835A7BC11E594AA00FF59FBB323"
"CD1A997CA7BC11E594AA00FF59FBB323","TANGUILAN","PARSEANI SOFIA 2","","0000-00-00",0,"","CD1AF30CA7BC11E594AA00FF59FBB323"
"CD1E1EC2A7BC11E594AA00FF59FBB323","TOMAS","ABIGAIL JADE 13, JOHN","","0000-00-00",0,"","CD1E93D3A7BC11E594AA00FF59FBB323"
"CD1E1EC2A7BC11E594AA00FF59FBB323","TOMAS","RUSSEL 3, KISHA ELLA 2","","0000-00-00",0,"","CD1EA944A7BC11E594AA00FF59FBB323"
"CD2186F6A7BC11E594AA00FF59FBB323","CALLAPAG","LEIZA MAE 4","","0000-00-00",0,"","CD21D37CA7BC11E594AA00FF59FBB323"
"CD2186F6A7BC11E594AA00FF59FBB323","CALLAPAG","MARY ROSE 2 MARY ANN 2","","0000-00-00",0,"","CD21E0B3A7BC11E594AA00FF59FBB323"
"CD29CEBEA7BC11E594AA00FF59FBB323","LASTIMADO","REYNALLY MAE 8YRS O/ NOLD","","0000-00-00",0,"","CD2A1742A7BC11E594AA00FF59FBB323"
"CD29CEBEA7BC11E594AA00FF59FBB323","LASTIMADO","ELLY REY 2YRS O.","","0000-00-00",0,"","CD2A25C9A7BC11E594AA00FF59FBB323"
"CD2C198BA7BC11E594AA00FF59FBB323","PATRICIO","JIN MATTHEW 1","","0000-00-00",0,"","CD4FD835A7BC11E594AA00FF59FBB323"
"CDDEF412A7BC11E594AA00FF59FBB323","CERVANTES","CJAY CERVANTES","","0000-00-00",0,"","CDDF9C32A7BC11E594AA00FF59FBB323"
"CDDEF412A7BC11E594AA00FF59FBB323","CERVANTES","MARY CHEN CERVANTES","","0000-00-00",0,"","CDDFB769A7BC11E594AA00FF59FBB323"
"CDEA21BEA7BC11E594AA00FF59FBB323","CIRIO","GILIAN MARCELA 6","","0000-00-00",0,"","CDEA8B05A7BC11E594AA00FF59FBB323"
"CDF779A1A7BC11E594AA00FF59FBB323","EUGENIO","ZANJIE ZHIEN 3","","0000-00-00",0,"","CDF7DE4AA7BC11E594AA00FF59FBB323"
"CE0ACE8BA7BC11E594AA00FF59FBB323","LAR","CRIZHA JANE LAR, 6Y.O.","","0000-00-00",0,"","CE0B337AA7BC11E594AA00FF59FBB323"
"CE1795A3A7BC11E594AA00FF59FBB323","LOFRANCO","LONIS MIGNEL 10,","","0000-00-00",0,"","CE17F998A7BC11E594AA00FF59FBB323"
"CE1795A3A7BC11E594AA00FF59FBB323","LOFRANCO","KRISTEL ANNE 9","","0000-00-00",0,"","CE180BC7A7BC11E594AA00FF59FBB323"
"CE31C8C3A7BC11E594AA00FF59FBB323","OLITA","LADY NHAMI OLITA","","0000-00-00",0,"","CE321CF0A7BC11E594AA00FF59FBB323"
"CE31C8C3A7BC11E594AA00FF59FBB323","OLITA","LADY KAZUMI OLITA","","0000-00-00",0,"","CE322BEAA7BC11E594AA00FF59FBB323"
"CE373F36A7BC11E594AA00FF59FBB323","JARABE","KALI CARLISLE 3","","0000-00-00",0,"","CE37912CA7BC11E594AA00FF59FBB323"
"CE373F36A7BC11E594AA00FF59FBB323","JARABE","CARLISLE COLLINE 4MOS","","0000-00-00",0,"","CE37A15BA7BC11E594AA00FF59FBB323"
"CE427BCCA7BC11E594AA00FF59FBB323","CATAGGATAN","MARC ELDRIAN 2","","0000-00-00",0,"","CE42C75CA7BC11E594AA00FF59FBB323"
"CE4E48F3A7BC11E594AA00FF59FBB323","ARIZALA","CADEN CYRUS 8","","0000-00-00",0,"","CE51D2CBA7BC11E594AA00FF59FBB323"
"CE4E48F3A7BC11E594AA00FF59FBB323","ARIZALA","CKLYDE ZYMON 1","","0000-00-00",0,"","CE51E323A7BC11E594AA00FF59FBB323"
