"employeeid","lastname","firstname","middlename","birthdate","address","phone","fax","mobile","email","id"
"7C971D1CA7BC11E594AA00FF59FBB323","LIPATA","CHRISTINE","","0000-00-00","","","","","","7D3374A3A7BC11E594AA00FF59FBB323"
"7D585AFEA7BC11E594AA00FF59FBB323","DISIERTO","JOCELYN","","0000-00-00","","","","","","7D64DCE0A7BC11E594AA00FF59FBB323"
"7D91FBEDA7BC11E594AA00FF59FBB323","LOGATOC","MARIA ILLONAH JEAN","","0000-00-00","","","","","","7D944CEFA7BC11E594AA00FF59FBB323"
"7DA199A0A7BC11E594AA00FF59FBB323","BALAGTAS","RIZALDY","","0000-00-00","","","","","","7DAD572DA7BC11E594AA00FF59FBB323"
"7DB31D8DA7BC11E594AA00FF59FBB323","MATIAS","JAZEL","","0000-00-00","","","","","","7DB5DDA9A7BC11E594AA00FF59FBB323"
"7DBC0E2EA7BC11E594AA00FF59FBB323","MARRIED)","CARESA DILAO (NOT","","0000-00-00","","","","","","7DC6BDC1A7BC11E594AA00FF59FBB323"
"7DD4A9C1A7BC11E594AA00FF59FBB323","AQUINO","JEAN","","0000-00-00","","","","","","7DDB8323A7BC11E594AA00FF59FBB323"
"7E2704D4A7BC11E594AA00FF59FBB323","CORPUZ","SUNSHINE","","0000-00-00","","","","","","7E2921F5A7BC11E594AA00FF59FBB323"
"7E85C664A7BC11E594AA00FF59FBB323","HALILI","ABE KING","","0000-00-00","","","","","","7E8ABE8AA7BC11E594AA00FF59FBB323"
"7E9B797BA7BC11E594AA00FF59FBB323","LIM","MA. CHRISTINA T.","","0000-00-00","","","","","","7EA1D6C6A7BC11E594AA00FF59FBB323"
"7EAB8E8EA7BC11E594AA00FF59FBB323","CHU","MARIVIC","","0000-00-00","","","","","","7EAD768FA7BC11E594AA00FF59FBB323"
"7EBA3EBEA7BC11E594AA00FF59FBB323","ALBA","JENNYLIN","","0000-00-00","","","","","","7EC0CD72A7BC11E594AA00FF59FBB323"
"7ED69622A7BC11E594AA00FF59FBB323","CUEVAS","GENNA","","0000-00-00","","","","","","7ED81D74A7BC11E594AA00FF59FBB323"
"7EDC2407A7BC11E594AA00FF59FBB323","MADRIGALEJOS","MARY ANN","","0000-00-00","","","","","","7EDDB33DA7BC11E594AA00FF59FBB323"
"7EDE4BAEA7BC11E594AA00FF59FBB323","CEPEDA","LEONILYN","","0000-00-00","","","","","","7EDFC669A7BC11E594AA00FF59FBB323"
"7EE06198A7BC11E594AA00FF59FBB323","","N\A","","0000-00-00","","","","","","7EE55F6FA7BC11E594AA00FF59FBB323"
"7EEB6AC4A7BC11E594AA00FF59FBB323","NIEVA","MARY CRISEL F.","","0000-00-00","","","","","","7EEC565FA7BC11E594AA00FF59FBB323"
"7EF63AD9A7BC11E594AA00FF59FBB323","SAGADAL","ADELINA","","0000-00-00","","","","","","7EF7B65DA7BC11E594AA00FF59FBB323"
"7EF85EF5A7BC11E594AA00FF59FBB323","SANCHEZ","RHEA CARLA","","0000-00-00","","","","","","7EFFBE42A7BC11E594AA00FF59FBB323"
"7F0FB72DA7BC11E594AA00FF59FBB323","MERCADO","CRESIE","","0000-00-00","","","","","","7F17FA31A7BC11E594AA00FF59FBB323"
"7F1D4772A7BC11E594AA00FF59FBB323","NAVEA","RHEA","","0000-00-00","","","","","","7F1EEEE3A7BC11E594AA00FF59FBB323"
"7F2D11CFA7BC11E594AA00FF59FBB323","MANCIA","LLOYD","","0000-00-00","","","","","","7F2EF14CA7BC11E594AA00FF59FBB323"
"7F366371A7BC11E594AA00FF59FBB323","BATALLER","JEFFREY","","0000-00-00","","","","","","7F386F07A7BC11E594AA00FF59FBB323"
"7F464AC4A7BC11E594AA00FF59FBB323","CORONEL","JAICEL","","0000-00-00","","","","","","7F483637A7BC11E594AA00FF59FBB323"
"8FF3A833A7BC11E594AA00FF59FBB323","BERCES","LORNA","","0000-00-00","","","","","","8FF8E41EA7BC11E594AA00FF59FBB323"
"8FF9AF4DA7BC11E594AA00FF59FBB323","","KRISTEL","","0000-00-00","","","","","","8FFBC591A7BC11E594AA00FF59FBB323"
"8FFC75D6A7BC11E594AA00FF59FBB323","A","N /","","0000-00-00","","","","","","8FFED673A7BC11E594AA00FF59FBB323"
"8FFF78EAA7BC11E594AA00FF59FBB323","SOLVER","JOEL","","0000-00-00","","","","","","9006AACDA7BC11E594AA00FF59FBB323"
"90087BAAA7BC11E594AA00FF59FBB323","PEREZ","BERNADETTE","","0000-00-00","","","","","","900B00A9A7BC11E594AA00FF59FBB323"
"900BB0A9A7BC11E594AA00FF59FBB323","RAMOS","MELANIE","","0000-00-00","","","","","","900D5B0DA7BC11E594AA00FF59FBB323"
"900FE02DA7BC11E594AA00FF59FBB323","","ALMA","","0000-00-00","","","","","","9011725EA7BC11E594AA00FF59FBB323"
"9012318AA7BC11E594AA00FF59FBB323","G.RAZO","SUSAN","","0000-00-00","","","","","","901BBF46A7BC11E594AA00FF59FBB323"
"9026CF89A7BC11E594AA00FF59FBB323","AGUBA","ELEAZAR","","0000-00-00","","","","","","9028436FA7BC11E594AA00FF59FBB323"
"903C857EA7BC11E594AA00FF59FBB323","CRUZ","BABY ANGELINA DELA","","0000-00-00","","","","","","903F8BECA7BC11E594AA00FF59FBB323"
"9043F990A7BC11E594AA00FF59FBB323","VIBAS","ELENA","","0000-00-00","","","","","","90459740A7BC11E594AA00FF59FBB323"
"90498BB1A7BC11E594AA00FF59FBB323","VELILLA","MARRY GRACE M.","","0000-00-00","","","","","","904D6922A7BC11E594AA00FF59FBB323"
"90569AEBA7BC11E594AA00FF59FBB323","GONZALES","CONNIE I.","","0000-00-00","","","","","","9058B760A7BC11E594AA00FF59FBB323"
"90595BCCA7BC11E594AA00FF59FBB323","MANGUERRA","MARIA VANESSA","","0000-00-00","","","","","","905AF668A7BC11E594AA00FF59FBB323"
"9064EDDBA7BC11E594AA00FF59FBB323","CABAHUG","MARILOU","","0000-00-00","","","","","","906975AFA7BC11E594AA00FF59FBB323"
"906E156CA7BC11E594AA00FF59FBB323","IBARRIENTOS","MALYN","","0000-00-00","","","","","","90708071A7BC11E594AA00FF59FBB323"
"90733702A7BC11E594AA00FF59FBB323","CABRAL","LORELIE","","0000-00-00","","","","","","9075FAF3A7BC11E594AA00FF59FBB323"
"907DAE3CA7BC11E594AA00FF59FBB323","VILLANUEVA","MARY JANE","","0000-00-00","","","","","","907F3D38A7BC11E594AA00FF59FBB323"
"908001B6A7BC11E594AA00FF59FBB323","QUIMBAO","BENALYN","","0000-00-00","","","","","","90819F6FA7BC11E594AA00FF59FBB323"
"9085F49EA7BC11E594AA00FF59FBB323","ESTREMADURA","CHERRY LANE","","0000-00-00","","","","","","90876DDCA7BC11E594AA00FF59FBB323"
"908C6266A7BC11E594AA00FF59FBB323","RIZO","ARRIZ A.","","0000-00-00","","","","","","908DDFBEA7BC11E594AA00FF59FBB323"
"909C1FA9A7BC11E594AA00FF59FBB323","TABAGAN","ANALEA","","0000-00-00","","","","","","909D8B40A7BC11E594AA00FF59FBB323"
"90A6CEF3A7BC11E594AA00FF59FBB323","ACAYLAR","MAUREEN","","0000-00-00","","","","","","90A88B03A7BC11E594AA00FF59FBB323"
"90B5AEE0A7BC11E594AA00FF59FBB323","ARNOCO","WELLYN","","0000-00-00","","","","","","90BA3FA3A7BC11E594AA00FF59FBB323"
"90BB874BA7BC11E594AA00FF59FBB323","BARON","JENALIEN A.","","0000-00-00","","","","","","90BD487CA7BC11E594AA00FF59FBB323"
"90C243AAA7BC11E594AA00FF59FBB323","PAHID","PETCHIE SOPSOP","","0000-00-00","","","","","","90C2A805A7BC11E594AA00FF59FBB323"
"90C36026A7BC11E594AA00FF59FBB323","DALUMBAR","MARILY E.","","0000-00-00","","","","","","90C4C734A7BC11E594AA00FF59FBB323"
"90C7A80BA7BC11E594AA00FF59FBB323","SANTANDER","MELANIE R.","","0000-00-00","","","","","","90C8C3A9A7BC11E594AA00FF59FBB323"
"90C9BC9CA7BC11E594AA00FF59FBB323","LEBRIA","MANILYN","","0000-00-00","","","","","","90CADDCFA7BC11E594AA00FF59FBB323"
"90CB8DF8A7BC11E594AA00FF59FBB323","BACATANO","IRES S.","","0000-00-00","","","","","","90CCC9EFA7BC11E594AA00FF59FBB323"
"90CD786CA7BC11E594AA00FF59FBB323","JR.","MANUEL CATAGCATAG","","0000-00-00","","","","","","90CF1FA0A7BC11E594AA00FF59FBB323"
"95D1DDD1A7BC11E594AA00FF59FBB323","SANCHEZ","WINDY","","0000-00-00","","","","","","95D32258A7BC11E594AA00FF59FBB323"
"95D3CFA6A7BC11E594AA00FF59FBB323","GOMEZ","RICHARD","","0000-00-00","","","","","","95D54C29A7BC11E594AA00FF59FBB323"
"95D8DCB1A7BC11E594AA00FF59FBB323","BAJENTING","MARIA LUZ","","0000-00-00","","","","","","95DA5102A7BC11E594AA00FF59FBB323"
"95DD6AA6A7BC11E594AA00FF59FBB323","","NONE","","0000-00-00","","","","","","95DEE0B2A7BC11E594AA00FF59FBB323"
"95DF7BE5A7BC11E594AA00FF59FBB323","RIVERA","SHIELA","","0000-00-00","","","","","","95E0B8EBA7BC11E594AA00FF59FBB323"
"95E14B9EA7BC11E594AA00FF59FBB323","TONIDO","ARJIMMY","","0000-00-00","","","","","","95E314DDA7BC11E594AA00FF59FBB323"
"95FA3D89A7BC11E594AA00FF59FBB323","APOSTOL","ARNEL","","0000-00-00","","","","","","95FBDCA3A7BC11E594AA00FF59FBB323"
"95FC8903A7BC11E594AA00FF59FBB323","MEDOLLAR","MARIVEL","","0000-00-00","","","","","","95FEA4C3A7BC11E594AA00FF59FBB323"
"96078BB4A7BC11E594AA00FF59FBB323","REPUYA","GRACIA","","0000-00-00","","","","","","960B503AA7BC11E594AA00FF59FBB323"
"9611A9C4A7BC11E594AA00FF59FBB323","FRAGATA","EVANGELINE CHAN","","0000-00-00","","","","","","961490F5A7BC11E594AA00FF59FBB323"
"9615AE4AA7BC11E594AA00FF59FBB323","VENDIOLA","MARJORIE","","0000-00-00","","","","","","961764B1A7BC11E594AA00FF59FBB323"
"961896E0A7BC11E594AA00FF59FBB323","CUNANAN","EVANGELINE","","0000-00-00","","","","","","961B56C2A7BC11E594AA00FF59FBB323"
"962A4B09A7BC11E594AA00FF59FBB323","LAMPOS","KAREN SCANELLA","","0000-00-00","","","","","","962BFA24A7BC11E594AA00FF59FBB323"
"96314B05A7BC11E594AA00FF59FBB323","ABE","MARY GRACE","","0000-00-00","","","","","","96331C23A7BC11E594AA00FF59FBB323"
"96491FC2A7BC11E594AA00FF59FBB323","TADURAN","JENNY","","0000-00-00","","","","","","964AD83FA7BC11E594AA00FF59FBB323"
"9654742DA7BC11E594AA00FF59FBB323","ENCANTO","MELODY L.","","0000-00-00","","","","","","96562964A7BC11E594AA00FF59FBB323"
"966A169EA7BC11E594AA00FF59FBB323","LABRO","JANICE","","0000-00-00","","","","","","966BBD0CA7BC11E594AA00FF59FBB323"
"9D7D901EA7BC11E594AA00FF59FBB323","DEVILLES","JANINE","","0000-00-00","","","","","","9D822923A7BC11E594AA00FF59FBB323"
"9D85BA33A7BC11E594AA00FF59FBB323","SANCHEZ","MR.RODEL T.","","0000-00-00","","","","","","9D871444A7BC11E594AA00FF59FBB323"
"9D87B470A7BC11E594AA00FF59FBB323","DICTAAN","ROSALIE","","0000-00-00","","","","","","9D890DC3A7BC11E594AA00FF59FBB323"
"9D8BD6B5A7BC11E594AA00FF59FBB323","HERMOCILLA","JOSSIE I.","","0000-00-00","","","","","","9D8D6BDDA7BC11E594AA00FF59FBB323"
"9D8E0B86A7BC11E594AA00FF59FBB323","RUIZ","EDEN M.","","0000-00-00","","","","","","9D8FAAACA7BC11E594AA00FF59FBB323"
"9DC0645BA7BC11E594AA00FF59FBB323","GEROZA","PAULA GRACE","","0000-00-00","","","","","","9DC3A9F3A7BC11E594AA00FF59FBB323"
"9DFF5670A7BC11E594AA00FF59FBB323","MACASPAC","CRISPIN","","0000-00-00","","","","","","9E059928A7BC11E594AA00FF59FBB323"
"9E126504A7BC11E594AA00FF59FBB323","CODILANA","CHRISTY","","0000-00-00","","","","","","9E159EA5A7BC11E594AA00FF59FBB323"
"9E168A97A7BC11E594AA00FF59FBB323","BONTOC","ALBERTO","","0000-00-00","","","","","","9E1B56A3A7BC11E594AA00FF59FBB323"
"9E1E692CA7BC11E594AA00FF59FBB323","","ANTHONETTE","","0000-00-00","","","","","","9E228886A7BC11E594AA00FF59FBB323"
"9E29EF2CA7BC11E594AA00FF59FBB323","MARZO","MARLYN","","0000-00-00","","","","","","9E2B515EA7BC11E594AA00FF59FBB323"
"9E38E335A7BC11E594AA00FF59FBB323","TUIBUEN","MA FEBE","","0000-00-00","","","","","","9E3EB7CFA7BC11E594AA00FF59FBB323"
"9E45C629A7BC11E594AA00FF59FBB323","PALEGAR","DESIREE","","0000-00-00","","","","","","9E49BF44A7BC11E594AA00FF59FBB323"
"9E602C68A7BC11E594AA00FF59FBB323","ESPINO","RICHARD","","0000-00-00","","","","","","9E624814A7BC11E594AA00FF59FBB323"
"9E6A0FBAA7BC11E594AA00FF59FBB323","YANGA","ALLONA","","0000-00-00","","","","","","9E86D8FEA7BC11E594AA00FF59FBB323"
"9EA03C9BA7BC11E594AA00FF59FBB323","B.PADERES","MR.MICHAEL","","0000-00-00","","","","","","9EAC6F93A7BC11E594AA00FF59FBB323"
"9EAE9F90A7BC11E594AA00FF59FBB323","JAYOMANA","MARIAN","","0000-00-00","","","","","","9EB1F83AA7BC11E594AA00FF59FBB323"
"9EB77C46A7BC11E594AA00FF59FBB323","MAGALONG","GENNYLEN","","0000-00-00","","","","","","9EB9834AA7BC11E594AA00FF59FBB323"
"9EBA82B4A7BC11E594AA00FF59FBB323","LAR","JOLAN","","0000-00-00","","","","","","9EBBFC68A7BC11E594AA00FF59FBB323"
"9EC20146A7BC11E594AA00FF59FBB323","BONOAN","MA. CRISELDA","","0000-00-00","","","","","","9EC367B0A7BC11E594AA00FF59FBB323"
"9EC5D56BA7BC11E594AA00FF59FBB323","RECTO","CHERRY","","0000-00-00","","","","","","9EC6F528A7BC11E594AA00FF59FBB323"
"9ECCFB2EA7BC11E594AA00FF59FBB323","BANTON","ROXSAN","","0000-00-00","","","","","","9ED3BD5CA7BC11E594AA00FF59FBB323"
"9EE0CADEA7BC11E594AA00FF59FBB323","BARTOCILLO","CWINLEONA","","0000-00-00","","","","","","9EE40D2DA7BC11E594AA00FF59FBB323"
"9EE7CB38A7BC11E594AA00FF59FBB323","GARCIA","MARIETA","","0000-00-00","","","","","","9EF04CD8A7BC11E594AA00FF59FBB323"
"9EFA8D6FA7BC11E594AA00FF59FBB323","MANALLO","ALADIN","","0000-00-00","","","","","","9F067F4BA7BC11E594AA00FF59FBB323"
"9FD62C2DA7BC11E594AA00FF59FBB323","TORRE","FAITH CASA DELA","","0000-00-00","","","","","","9FEDCEE3A7BC11E594AA00FF59FBB323"
"A044A5DFA7BC11E594AA00FF59FBB323","CRUZ","EDWIN DELA","","0000-00-00","","","","","","A053EE01A7BC11E594AA00FF59FBB323"
"A085EDB9A7BC11E594AA00FF59FBB323","SANTOS","SHERYL","","0000-00-00","","","","","","A090FEC0A7BC11E594AA00FF59FBB323"
"A6AE6005A7BC11E594AA00FF59FBB323","ESTOCAPIO","JANNYLIN","","0000-00-00","","","","","","A6C05AE7A7BC11E594AA00FF59FBB323"
"A6EA2A9FA7BC11E594AA00FF59FBB323","DELGADO","ANALYN C.","","0000-00-00","","","","","","A6F307E0A7BC11E594AA00FF59FBB323"
"A6FE253DA7BC11E594AA00FF59FBB323","DULVA","EMIL","","0000-00-00","","","","","","A70659F8A7BC11E594AA00FF59FBB323"
"A71EC88CA7BC11E594AA00FF59FBB323","PASCUAL","JELLIE","","0000-00-00","","","","","","A71FCF5AA7BC11E594AA00FF59FBB323"
"A75F8D7EA7BC11E594AA00FF59FBB323","PAJORA","ALMA","","0000-00-00","","","","","","A7686487A7BC11E594AA00FF59FBB323"
"A7A2BF0CA7BC11E594AA00FF59FBB323","ACURIN","EVELYN GURAY","","0000-00-00","","","","","","A7A7AF18A7BC11E594AA00FF59FBB323"
"A7D1A6A6A7BC11E594AA00FF59FBB323","SANTOS","LUCY TUYA","","0000-00-00","","","","","","A7D3397FA7BC11E594AA00FF59FBB323"
"A7D3D7F8A7BC11E594AA00FF59FBB323","DUAY","DARLYN GRANADA","","0000-00-00","","","","","","A7D5598CA7BC11E594AA00FF59FBB323"
"A7D6131AA7BC11E594AA00FF59FBB323","NARDO","FRANCIS PHILIP A.","","0000-00-00","","","","","","A7D75EE9A7BC11E594AA00FF59FBB323"
"A8080C33A7BC11E594AA00FF59FBB323","LOPEZ","JINAFE","","0000-00-00","","","","","","A8097427A7BC11E594AA00FF59FBB323"
"A80CEC6CA7BC11E594AA00FF59FBB323","MANALASTAS","LEOVIL","","0000-00-00","","","","","","A80E8E23A7BC11E594AA00FF59FBB323"
"A81A3177A7BC11E594AA00FF59FBB323","JR.","RUPERTO CABOTE","","0000-00-00","","","","","","A81C49FEA7BC11E594AA00FF59FBB323"
"A81EBA35A7BC11E594AA00FF59FBB323","JAVA","MA. CECELIA KATRINA","","0000-00-00","","","","","","A81FC019A7BC11E594AA00FF59FBB323"
"A8206BE1A7BC11E594AA00FF59FBB323","SAMONG","MICHAEL JAY","","0000-00-00","","","","","","A8427380A7BC11E594AA00FF59FBB323"
"A84CFBA0A7BC11E594AA00FF59FBB323","OVILLE","LORNA","","0000-00-00","","","","","","A84EBE6DA7BC11E594AA00FF59FBB323"
"A85853E8A7BC11E594AA00FF59FBB323","LLOREN","JASMIN","","0000-00-00","","","","","","A859B731A7BC11E594AA00FF59FBB323"
"A863DDDEA7BC11E594AA00FF59FBB323","MAPUTE","JARY NI","","0000-00-00","","","","","","A867CCA9A7BC11E594AA00FF59FBB323"
"AEAE251CA7BC11E594AA00FF59FBB323","SAJOL","SARAH MAE","","0000-00-00","","","","","","AEB3D294A7BC11E594AA00FF59FBB323"
"AEDF9C26A7BC11E594AA00FF59FBB323","BORREROS","OSCAR","","0000-00-00","","","","","","AEE2B083A7BC11E594AA00FF59FBB323"
"AEED2B96A7BC11E594AA00FF59FBB323","MULETA","MARY GLADYS","","0000-00-00","","","","","","AEF0943DA7BC11E594AA00FF59FBB323"
"AF09F2F1A7BC11E594AA00FF59FBB323","ONG","SHIELA MAE","","0000-00-00","","","","","","AF36EB3FA7BC11E594AA00FF59FBB323"
"AF4445A7A7BC11E594AA00FF59FBB323","SANTOS","MARYANN DELOS","","0000-00-00","","","","","","AF49D0F7A7BC11E594AA00FF59FBB323"
"AF4B1CD2A7BC11E594AA00FF59FBB323","HABAB","MARICEL","","0000-00-00","","","","","","AF521A49A7BC11E594AA00FF59FBB323"
"AF536BFBA7BC11E594AA00FF59FBB323","TOLENTINO","WENDEL","","0000-00-00","","","","","","AF604BC9A7BC11E594AA00FF59FBB323"
"AF7F50A3A7BC11E594AA00FF59FBB323","GUILLERMO","CHONA","","0000-00-00","","","","","","AF87F8F5A7BC11E594AA00FF59FBB323"
"AFA83730A7BC11E594AA00FF59FBB323","JR.","EUFEMIO OREJOLA","","0000-00-00","","","","","","AFC4624DA7BC11E594AA00FF59FBB323"
"AFD4405FA7BC11E594AA00FF59FBB323","RUBIA","JELLYROSE","","0000-00-00","","","","","","AFDCBD82A7BC11E594AA00FF59FBB323"
"AFE5F382A7BC11E594AA00FF59FBB323","JR.","JUANITO BALUTE","","0000-00-00","","","","","","AFF7D383A7BC11E594AA00FF59FBB323"
"B00A387EA7BC11E594AA00FF59FBB323","OREJOLA","MARY JOY","","0000-00-00","","","","","","B00C74C4A7BC11E594AA00FF59FBB323"
"B00DA367A7BC11E594AA00FF59FBB323","GASGONIA","JHERALD","","0000-00-00","","","","","","B0109948A7BC11E594AA00FF59FBB323"
"B02829ADA7BC11E594AA00FF59FBB323","ALLERE","ANN BERNADETTE","","0000-00-00","","","","","","B02ADCA6A7BC11E594AA00FF59FBB323"
"B02BF317A7BC11E594AA00FF59FBB323","AMARILLO","GAEZELLE","","0000-00-00","","","","","","B02DF114A7BC11E594AA00FF59FBB323"
"B05BA063A7BC11E594AA00FF59FBB323","SALVACION","MARY JANE","","0000-00-00","","","","","","B05EA8EBA7BC11E594AA00FF59FBB323"
"B0624FF3A7BC11E594AA00FF59FBB323","VALLECERA","PHOEBE","","0000-00-00","","","","","","B063EB96A7BC11E594AA00FF59FBB323"
"B064B161A7BC11E594AA00FF59FBB323","CENTENO","JOAN","","0000-00-00","","","","","","B066F12AA7BC11E594AA00FF59FBB323"
"B06E1C02A7BC11E594AA00FF59FBB323","JUAN","MARY GRACE SAN","","0000-00-00","","","","","","B0771FC9A7BC11E594AA00FF59FBB323"
"B0B44A08A7BC11E594AA00FF59FBB323","FRANDO","JEMAIMAH","","0000-00-00","","","","","","B0B83A7EA7BC11E594AA00FF59FBB323"
"B0BFB565A7BC11E594AA00FF59FBB323","BULARON","CHERRY PIE","","0000-00-00","","","","","","B0C378DCA7BC11E594AA00FF59FBB323"
"B0CBADCCA7BC11E594AA00FF59FBB323","TOQUE","KAREN","","0000-00-00","","","","","","B0CF39AEA7BC11E594AA00FF59FBB323"
"B3C7702AA7BC11E594AA00FF59FBB323","QUILING","ADELONE","","0000-00-00","","","","","","B3D6ED3CA7BC11E594AA00FF59FBB323"
"B3D7ECB9A7BC11E594AA00FF59FBB323","VILLANUEVA","AIZA MEDRANO","","0000-00-00","","","","","","B3DD339CA7BC11E594AA00FF59FBB323"
"B3DDEA2FA7BC11E594AA00FF59FBB323","RADA","CHARMAGNE","","0000-00-00","","","","","","B3DF5931A7BC11E594AA00FF59FBB323"
"B3F28E98A7BC11E594AA00FF59FBB323","AZORES","MADELYN","","0000-00-00","","","","","","B3F47173A7BC11E594AA00FF59FBB323"
"B3F90CBFA7BC11E594AA00FF59FBB323","SANTANDER","CHRISTINA","","0000-00-00","","","","","","B3FA8269A7BC11E594AA00FF59FBB323"
"B3FB42EDA7BC11E594AA00FF59FBB323","SUELA","DUNICA","","0000-00-00","","","","","","B40388BCA7BC11E594AA00FF59FBB323"
"B4126720A7BC11E594AA00FF59FBB323","TAPA","JUDY ANN","","0000-00-00","","","","","","B419DC3CA7BC11E594AA00FF59FBB323"
"B41F387BA7BC11E594AA00FF59FBB323","YOKOE","ERICA","","0000-00-00","","","","","","B42C7D39A7BC11E594AA00FF59FBB323"
"B4352A39A7BC11E594AA00FF59FBB323","NAGUIT","CAYTON R.","","0000-00-00","","","","","","B4466420A7BC11E594AA00FF59FBB323"
"B452AA25A7BC11E594AA00FF59FBB323","RODRIGUEZ","SANDRA C.","","0000-00-00","","","","","","B45F93B7A7BC11E594AA00FF59FBB323"
"B4606E2AA7BC11E594AA00FF59FBB323","BANTON","AUREA G.","","0000-00-00","","","","","","B4629947A7BC11E594AA00FF59FBB323"
"B4633ED2A7BC11E594AA00FF59FBB323","DANAO","ANTHONY CARLO C.","","0000-00-00","","","","","","B4651F10A7BC11E594AA00FF59FBB323"
"B4673919A7BC11E594AA00FF59FBB323","RODRIGUEZ","EVA","","0000-00-00","","","","","","B469C7CCA7BC11E594AA00FF59FBB323"
"B46C0284A7BC11E594AA00FF59FBB323","ESCUDO","RIZY","","0000-00-00","","","","","","B4710547A7BC11E594AA00FF59FBB323"
"B471C80EA7BC11E594AA00FF59FBB323","OREJOLA","IZRA MICAH","","0000-00-00","","","","","","B47344AEA7BC11E594AA00FF59FBB323"
"B47D026EA7BC11E594AA00FF59FBB323","RELLEVE","IAN HENDREK","","0000-00-00","","","","","","B4853431A7BC11E594AA00FF59FBB323"
"B48733E5A7BC11E594AA00FF59FBB323","FLORES","MICHELLE","","0000-00-00","","","","","","B48F9F4FA7BC11E594AA00FF59FBB323"
"B490CAA9A7BC11E594AA00FF59FBB323","BELLO","BELMA LIZA","","0000-00-00","","","","","","B4A7AE4FA7BC11E594AA00FF59FBB323"
"B4B0A0D9A7BC11E594AA00FF59FBB323","CALIBUSO","ANNA MAY","","0000-00-00","","","","","","B4B24061A7BC11E594AA00FF59FBB323"
"B4B32572A7BC11E594AA00FF59FBB323","AGUILAR","MARY JANE","","0000-00-00","","","","","","B4B7C9EEA7BC11E594AA00FF59FBB323"
"B5451572A7BC11E594AA00FF59FBB323","SALVATIERRA","MHICA ELLA","","0000-00-00","","","","","","B54A93D1A7BC11E594AA00FF59FBB323"
"B55A945EA7BC11E594AA00FF59FBB323","AMBROCIO","ZAIDA","","0000-00-00","","","","","","B55D4460A7BC11E594AA00FF59FBB323"
"B5708EF2A7BC11E594AA00FF59FBB323","DAACA","MARITES","","0000-00-00","","","","","","B57241C5A7BC11E594AA00FF59FBB323"
"B5745430A7BC11E594AA00FF59FBB323","FRAGATA","ROSALINDA","","0000-00-00","","","","","","B5783F43A7BC11E594AA00FF59FBB323"
"B578D498A7BC11E594AA00FF59FBB323","LIONG","MARLENE","","0000-00-00","","","","","","B57AAAFDA7BC11E594AA00FF59FBB323"
"B61C907DA7BC11E594AA00FF59FBB323","YACO","GEOVANI","","0000-00-00","","","","","","B620CE0AA7BC11E594AA00FF59FBB323"
"B65B8550A7BC11E594AA00FF59FBB323","VILLANUEVA","KRIS","","0000-00-00","","","","","","B65DEBD7A7BC11E594AA00FF59FBB323"
"B65F765EA7BC11E594AA00FF59FBB323","LIMON","CATHERINE","","0000-00-00","","","","","","B661DE01A7BC11E594AA00FF59FBB323"
"B6761679A7BC11E594AA00FF59FBB323","VILLANUEVA","JAKE","","0000-00-00","","","","","","B677874FA7BC11E594AA00FF59FBB323"
"B682FB86A7BC11E594AA00FF59FBB323","BAUTISTA","MELISSA","","0000-00-00","","","","","","B6844019A7BC11E594AA00FF59FBB323"
"BB924FADA7BC11E594AA00FF59FBB323","RONQUILLO","GENEE BOY A.","","0000-00-00","","","","","","BB934C0BA7BC11E594AA00FF59FBB323"
"BB9747B2A7BC11E594AA00FF59FBB323","ABA","MARITESS","","0000-00-00","","","","","","BB9F704EA7BC11E594AA00FF59FBB323"
"BBA02F5CA7BC11E594AA00FF59FBB323","GARCIA","JOERIE F.","","0000-00-00","","","","","","BBA54E3CA7BC11E594AA00FF59FBB323"
"BBA6197FA7BC11E594AA00FF59FBB323","GADACHO","LYZEL","","0000-00-00","","","","","","BBA72C79A7BC11E594AA00FF59FBB323"
"BBA7B8CAA7BC11E594AA00FF59FBB323","SIBLAG","MELICITAS","","0000-00-00","","","","","","BBA9450CA7BC11E594AA00FF59FBB323"
"BBAC3156A7BC11E594AA00FF59FBB323","CONCEPCION","CRISTINE","","0000-00-00","","","","","","BBB106D4A7BC11E594AA00FF59FBB323"
"BBBC4961A7BC11E594AA00FF59FBB323","CORPUZ","LEA ASUNCION","","0000-00-00","","","","","","BBC0594AA7BC11E594AA00FF59FBB323"
"BBC140DFA7BC11E594AA00FF59FBB323","CALUGCUGAN","LARA JANE","","0000-00-00","","","","","","BBC2F29FA7BC11E594AA00FF59FBB323"
"BBC3EF6FA7BC11E594AA00FF59FBB323","ALIWALAS","JOCON","","0000-00-00","","","","","","BBC5CDFAA7BC11E594AA00FF59FBB323"
"BBEF2BFFA7BC11E594AA00FF59FBB323","ERANISTA","NELVIE","","0000-00-00","","","","","","BBF3BA29A7BC11E594AA00FF59FBB323"
"BBF5C238A7BC11E594AA00FF59FBB323","GASGONIA","GEMMALYN I.","","0000-00-00","","","","","","BC01A36BA7BC11E594AA00FF59FBB323"
"BC025761A7BC11E594AA00FF59FBB323","T.LAMPOS","MEDEL","","0000-00-00","","","","","","BC03BF3CA7BC11E594AA00FF59FBB323"
"BC047589A7BC11E594AA00FF59FBB323","NAVA","ROCHEL","","0000-00-00","","","","","","BC05D107A7BC11E594AA00FF59FBB323"
"BC066FBDA7BC11E594AA00FF59FBB323","ALLAGA","JOYCEL","","0000-00-00","","","","","","BC0B620CA7BC11E594AA00FF59FBB323"
"BC1A0962A7BC11E594AA00FF59FBB323","CALUBAYAN","JONALYN","","0000-00-00","","","","","","BC1BAA1BA7BC11E594AA00FF59FBB323"
"BC215922A7BC11E594AA00FF59FBB323","MACABUHAY","LYN","","0000-00-00","","","","","","BC2AFF84A7BC11E594AA00FF59FBB323"
"BC401A36A7BC11E594AA00FF59FBB323","ILAN","APRIL","","0000-00-00","","","","","","BC43187AA7BC11E594AA00FF59FBB323"
"BC488EC0A7BC11E594AA00FF59FBB323","SANCHEZ","MECHAELA","","0000-00-00","","","","","","BC4B04ACA7BC11E594AA00FF59FBB323"
"BCE1D410A7BC11E594AA00FF59FBB323","LAROSA","JULIE","","0000-00-00","","","","","","BCFBEE71A7BC11E594AA00FF59FBB323"
"BD1889CBA7BC11E594AA00FF59FBB323","CARI","MARK POCHOLO","","0000-00-00","","","","","","BD1A978CA7BC11E594AA00FF59FBB323"
"BD1E0FFEA7BC11E594AA00FF59FBB323","TORRES","MARIVIC ROWENA","","0000-00-00","","","","","","BD2C2DB0A7BC11E594AA00FF59FBB323"
"BD362E8CA7BC11E594AA00FF59FBB323","GRINO","MARITES","","0000-00-00","","","","","","BD3D3FFEA7BC11E594AA00FF59FBB323"
"BD784DD1A7BC11E594AA00FF59FBB323","MAGPATOC","ABIGAIL MAE","","0000-00-00","","","","","","BD79F51CA7BC11E594AA00FF59FBB323"
"BD7DCF17A7BC11E594AA00FF59FBB323","VILLARBA","KLARINDA","","0000-00-00","","","","","","BD7F8C32A7BC11E594AA00FF59FBB323"
"BD8BD98BA7BC11E594AA00FF59FBB323","FOSTER","MELANIE","","0000-00-00","","","","","","BD9945AFA7BC11E594AA00FF59FBB323"
"BDA08E4FA7BC11E594AA00FF59FBB323","LLAGAS","JOVELYN","","0000-00-00","","","","","","BDA822F3A7BC11E594AA00FF59FBB323"
"BDAC734FA7BC11E594AA00FF59FBB323","CADA","GIAN","","0000-00-00","","","","","","BDADFBB0A7BC11E594AA00FF59FBB323"
"BDB0F90DA7BC11E594AA00FF59FBB323","HONGO","LOUISSA","","0000-00-00","","","","","","BDB9F89CA7BC11E594AA00FF59FBB323"
"BE0B3C9AA7BC11E594AA00FF59FBB323","BOIZON","SARA MAY","","0000-00-00","","","","","","BE13EBEAA7BC11E594AA00FF59FBB323"
"C13DDA4FA7BC11E594AA00FF59FBB323","ROSA","JEROZEL DELA","","0000-00-00","","","","","","C1470A3BA7BC11E594AA00FF59FBB323"
"C15B2722A7BC11E594AA00FF59FBB323","RODRIGUEZ","SUZETTE","","0000-00-00","","","","","","C169BB8CA7BC11E594AA00FF59FBB323"
"C16A69A3A7BC11E594AA00FF59FBB323","PUYAT","RICKY","","0000-00-00","","","","","","C16BA497A7BC11E594AA00FF59FBB323"
"C1884FD6A7BC11E594AA00FF59FBB323","TUYAY","NATELYN","","0000-00-00","","","","","","C18B17A0A7BC11E594AA00FF59FBB323"
"C194C5C1A7BC11E594AA00FF59FBB323","BANDOL","MELANIE","","0000-00-00","","","","","","C19D5BF4A7BC11E594AA00FF59FBB323"
"C1AAC542A7BC11E594AA00FF59FBB323","LEDESMA","RUTH","","0000-00-00","","","","","","C2020776A7BC11E594AA00FF59FBB323"
"C22191C0A7BC11E594AA00FF59FBB323","NATIVIDAD","ROSIENA","","0000-00-00","","","","","","C222C740A7BC11E594AA00FF59FBB323"
"C225008AA7BC11E594AA00FF59FBB323","GRUESO","NERVA","","0000-00-00","","","","","","C226C9DEA7BC11E594AA00FF59FBB323"
"C232ACF9A7BC11E594AA00FF59FBB323","LEDESMA","ROSELLE","","0000-00-00","","","","","","C2340613A7BC11E594AA00FF59FBB323"
"C23608CFA7BC11E594AA00FF59FBB323","RADA","MICHAEL","","0000-00-00","","","","","","C237B7C1A7BC11E594AA00FF59FBB323"
"C2651667A7BC11E594AA00FF59FBB323","BLAZA","RAYNALYN","","0000-00-00","","","","","","C26906E1A7BC11E594AA00FF59FBB323"
"C26CF51DA7BC11E594AA00FF59FBB323","JR","EDGAR JAKOSALEM","","0000-00-00","","","","","","C2779F41A7BC11E594AA00FF59FBB323"
"C27C0ADCA7BC11E594AA00FF59FBB323","AMONGO","IVY MARIE","","0000-00-00","","","","","","C27DDAAEA7BC11E594AA00FF59FBB323"
"C287A628A7BC11E594AA00FF59FBB323","PATRICIO","MARICEL","","0000-00-00","","","","","","C28A202FA7BC11E594AA00FF59FBB323"
"C29AFDECA7BC11E594AA00FF59FBB323","CAPARAS","JEFFREY","","0000-00-00","","","","","","C2A0AAB8A7BC11E594AA00FF59FBB323"
"C2A85581A7BC11E594AA00FF59FBB323","MIRA","CRESENTH C.","","0000-00-00","","","","","","C2A9E8BDA7BC11E594AA00FF59FBB323"
"C2CF97E8A7BC11E594AA00FF59FBB323","LAMPOS","JENNY ROSE","","0000-00-00","","","","","","C2D13093A7BC11E594AA00FF59FBB323"
"C2E66A3CA7BC11E594AA00FF59FBB323","VIAJE","JOVELYN","","0000-00-00","","","","","","C2FAEE7EA7BC11E594AA00FF59FBB323"
"C2FF6D1EA7BC11E594AA00FF59FBB323","CHAVEZ","MARY JANE DE","","0000-00-00","","","","","","C3024DEDA7BC11E594AA00FF59FBB323"
"C31702FBA7BC11E594AA00FF59FBB323","RAZON","WILSON","","0000-00-00","","","","","","C319D07BA7BC11E594AA00FF59FBB323"
"C637BABBA7BC11E594AA00FF59FBB323","BALLESTER","JOY","","0000-00-00","","","","","","C648D6E7A7BC11E594AA00FF59FBB323"
"C65B52E0A7BC11E594AA00FF59FBB323","TALATO","MARVIN","","0000-00-00","","","","","","C65F4CD1A7BC11E594AA00FF59FBB323"
"C6608C7CA7BC11E594AA00FF59FBB323","PRANADA","SEPTHER DAWN","","0000-00-00","","","","","","C662DF25A7BC11E594AA00FF59FBB323"
"C6759AFEA7BC11E594AA00FF59FBB323","RIOFLORIDO","DONNA","","0000-00-00","","","","","","C677A47EA7BC11E594AA00FF59FBB323"
"C6AB02E1A7BC11E594AA00FF59FBB323","MENDOZA","NORMINITA","","0000-00-00","","","","","","C6B0E54DA7BC11E594AA00FF59FBB323"
"C6B99101A7BC11E594AA00FF59FBB323","TUBALI","MARICRIS","","0000-00-00","","","","","","C6BAF784A7BC11E594AA00FF59FBB323"
"C6C7806CA7BC11E594AA00FF59FBB323","SALIDAGA","VICKY","","0000-00-00","","","","","","C6C94807A7BC11E594AA00FF59FBB323"
"C6CA3587A7BC11E594AA00FF59FBB323","MARAAN","ALDIEN","","0000-00-00","","","","","","C6CBD3CBA7BC11E594AA00FF59FBB323"
"C6CC91D7A7BC11E594AA00FF59FBB323","CAPILI","JEAN MAY","","0000-00-00","","","","","","C6CEC3A0A7BC11E594AA00FF59FBB323"
"C6CF7BD2A7BC11E594AA00FF59FBB323","VILLANEA","CRISTINE","","0000-00-00","","","","","","C6D11C4DA7BC11E594AA00FF59FBB323"
"C6D1CD16A7BC11E594AA00FF59FBB323","BALANI","ROCHELLE","","0000-00-00","","","","","","C6D387FEA7BC11E594AA00FF59FBB323"
"C6D42629A7BC11E594AA00FF59FBB323","VILLANEA","PRECIOUS NICHOLLE","","0000-00-00","","","","","","C6D57F9DA7BC11E594AA00FF59FBB323"
"C6D626B7A7BC11E594AA00FF59FBB323","NOVENO","NHAILA","","0000-00-00","","","","","","C6FF6A42A7BC11E594AA00FF59FBB323"
"C7041BD1A7BC11E594AA00FF59FBB323","PANGANIBAN","DONNEAL","","0000-00-00","","","","","","C70E0891A7BC11E594AA00FF59FBB323"
"C70EA6C4A7BC11E594AA00FF59FBB323","PAGKALIWANGAN","RUBY","","0000-00-00","","","","","","C710C66EA7BC11E594AA00FF59FBB323"
"C7596BADA7BC11E594AA00FF59FBB323","UBIAS","ANA","","0000-00-00","","","","","","C7635B23A7BC11E594AA00FF59FBB323"
"C76425A0A7BC11E594AA00FF59FBB323","NIEVA","LEADAN","","0000-00-00","","","","","","C765781FA7BC11E594AA00FF59FBB323"
"C768FD07A7BC11E594AA00FF59FBB323","TIOPIS","ERICA","","0000-00-00","","","","","","C76AF53EA7BC11E594AA00FF59FBB323"
"C7744F4BA7BC11E594AA00FF59FBB323","BASA","ANNA KATRINA B.","","0000-00-00","","","","","","C7A6C271A7BC11E594AA00FF59FBB323"
"C7AA8DE5A7BC11E594AA00FF59FBB323","ELLA","MARY ROSE","","0000-00-00","","","","","","C7AC8852A7BC11E594AA00FF59FBB323"
"C7B35E5EA7BC11E594AA00FF59FBB323","DISIERTO","SHIRWIN","","0000-00-00","","","","","","C7B54879A7BC11E594AA00FF59FBB323"
"C7BE7316A7BC11E594AA00FF59FBB323","SILVA","MARJEM DE","","0000-00-00","","","","","","C7C051C1A7BC11E594AA00FF59FBB323"
"C7C4E867A7BC11E594AA00FF59FBB323","TOMPONG","HELEN","","0000-00-00","","","","","","C7D67924A7BC11E594AA00FF59FBB323"
"C7F1D18DA7BC11E594AA00FF59FBB323","HABOC","DANICA","","0000-00-00","","","","","","C7F3A97CA7BC11E594AA00FF59FBB323"
"CCE1C226A7BC11E594AA00FF59FBB323","GARACHICO","MELODY DIAZ","","0000-00-00","","","","","","CCE8CB97A7BC11E594AA00FF59FBB323"
"CCEBF139A7BC11E594AA00FF59FBB323","RELAVO","NESTLE","","0000-00-00","","","","","","CCED23EBA7BC11E594AA00FF59FBB323"
"CD1E1EC2A7BC11E594AA00FF59FBB323","TOMAS","JADE LACANARIA","","0000-00-00","","","","","","CD208736A7BC11E594AA00FF59FBB323"
"CD2186F6A7BC11E594AA00FF59FBB323","CALLAPAG","RONALYN SALAZAR","","0000-00-00","","","","","","CD293877A7BC11E594AA00FF59FBB323"
"CD2C198BA7BC11E594AA00FF59FBB323","CASTANEDA","JAY-R","","0000-00-00","","","","","","CDB3BC5EA7BC11E594AA00FF59FBB323"
"CDDEF412A7BC11E594AA00FF59FBB323","CERVANTES","EDILYN","","0000-00-00","","","","","","CDE21C93A7BC11E594AA00FF59FBB323"
"CDEA21BEA7BC11E594AA00FF59FBB323","CIRIO","MARCELINO","","0000-00-00","","","","","","CDEEA2E2A7BC11E594AA00FF59FBB323"
"CDF779A1A7BC11E594AA00FF59FBB323","EUGENIO","ZALDY M.","","0000-00-00","","","","","","CDF93CD0A7BC11E594AA00FF59FBB323"
"CE1795A3A7BC11E594AA00FF59FBB323","CANIMO","RUTH G.","","0000-00-00","","","","","","CE19DF55A7BC11E594AA00FF59FBB323"
"CE31C8C3A7BC11E594AA00FF59FBB323","OLITA","MARILOU","","0000-00-00","","","","","","CE336451A7BC11E594AA00FF59FBB323"
"CE373F36A7BC11E594AA00FF59FBB323","JARABE","CHRISTINE","","0000-00-00","","","","","","CE3928F2A7BC11E594AA00FF59FBB323"
"CE495BDEA7BC11E594AA00FF59FBB323","RONQUILLO","ARLENE E.","","0000-00-00","","","","","","CE4D9CB4A7BC11E594AA00FF59FBB323"
